<ImportExportXml version="6.1.0000.0581" SolutionPackageVersion="6.1" languagecode="1033" generatedBy="OnPremise" xmlns:xsi="http://www.w3.org/2001/XMLSchema-instance">
  <SolutionManifest>
    <UniqueName>Skanetrafiken</UniqueName>
    <LocalizedNames>
      <LocalizedName description="Skanetrafiken" languagecode="1033" />
      <LocalizedName description="Skånetrafiken" languagecode="1053" />
    </LocalizedNames>
    <Descriptions>
      <Description description="Skånetrafikens Digitala Kundmöte levererat av CGI." languagecode="1033" />
      <Description description="Skånetrafikens Digitala Kundmöte levererat av CGI." languagecode="1053" />
    </Descriptions>
    <Version>1.0.30</Version>
    <Managed>0</Managed>
    <Publisher>
      <UniqueName>cgipublisherforsknetrafiken</UniqueName>
      <LocalizedNames>
        <LocalizedName description="CGI Publisher for Skånetrafiken" languagecode="1033" />
        <LocalizedName description="CGI Publisher för Skånetrafiken" languagecode="1053" />
      </LocalizedNames>
      <Descriptions />
      <EMailAddress xsi:nil="true"></EMailAddress>
      <SupportingWebsiteUrl xsi:nil="true"></SupportingWebsiteUrl>
      <CustomizationPrefix>cgi</CustomizationPrefix>
      <CustomizationOptionValuePrefix>28505</CustomizationOptionValuePrefix>
      <Addresses>
        <Address>
          <AddressNumber>1</AddressNumber>
          <AddressTypeCode>1</AddressTypeCode>
          <City xsi:nil="true"></City>
          <County xsi:nil="true"></County>
          <Country xsi:nil="true"></Country>
          <Fax xsi:nil="true"></Fax>
          <FreightTermsCode xsi:nil="true"></FreightTermsCode>
          <ImportSequenceNumber xsi:nil="true"></ImportSequenceNumber>
          <Latitude xsi:nil="true"></Latitude>
          <Line1 xsi:nil="true"></Line1>
          <Line2 xsi:nil="true"></Line2>
          <Line3 xsi:nil="true"></Line3>
          <Longitude xsi:nil="true"></Longitude>
          <Name xsi:nil="true"></Name>
          <PostalCode xsi:nil="true"></PostalCode>
          <PostOfficeBox xsi:nil="true"></PostOfficeBox>
          <PrimaryContactName xsi:nil="true"></PrimaryContactName>
          <ShippingMethodCode>1</ShippingMethodCode>
          <StateOrProvince xsi:nil="true"></StateOrProvince>
          <Telephone1 xsi:nil="true"></Telephone1>
          <Telephone2 xsi:nil="true"></Telephone2>
          <Telephone3 xsi:nil="true"></Telephone3>
          <TimeZoneRuleVersionNumber xsi:nil="true"></TimeZoneRuleVersionNumber>
          <UPSZone xsi:nil="true"></UPSZone>
          <UTCOffset xsi:nil="true"></UTCOffset>
          <UTCConversionTimeZoneCode xsi:nil="true"></UTCConversionTimeZoneCode>
        </Address>
        <Address>
          <AddressNumber>2</AddressNumber>
          <AddressTypeCode>1</AddressTypeCode>
          <City xsi:nil="true"></City>
          <County xsi:nil="true"></County>
          <Country xsi:nil="true"></Country>
          <Fax xsi:nil="true"></Fax>
          <FreightTermsCode xsi:nil="true"></FreightTermsCode>
          <ImportSequenceNumber xsi:nil="true"></ImportSequenceNumber>
          <Latitude xsi:nil="true"></Latitude>
          <Line1 xsi:nil="true"></Line1>
          <Line2 xsi:nil="true"></Line2>
          <Line3 xsi:nil="true"></Line3>
          <Longitude xsi:nil="true"></Longitude>
          <Name xsi:nil="true"></Name>
          <PostalCode xsi:nil="true"></PostalCode>
          <PostOfficeBox xsi:nil="true"></PostOfficeBox>
          <PrimaryContactName xsi:nil="true"></PrimaryContactName>
          <ShippingMethodCode>1</ShippingMethodCode>
          <StateOrProvince xsi:nil="true"></StateOrProvince>
          <Telephone1 xsi:nil="true"></Telephone1>
          <Telephone2 xsi:nil="true"></Telephone2>
          <Telephone3 xsi:nil="true"></Telephone3>
          <TimeZoneRuleVersionNumber xsi:nil="true"></TimeZoneRuleVersionNumber>
          <UPSZone xsi:nil="true"></UPSZone>
          <UTCOffset xsi:nil="true"></UTCOffset>
          <UTCConversionTimeZoneCode xsi:nil="true"></UTCConversionTimeZoneCode>
        </Address>
      </Addresses>
    </Publisher>
    <RootComponents>
      <RootComponent type="1" schemaName="account" />
      <RootComponent type="1" schemaName="activitypointer" />
      <RootComponent type="1" schemaName="campaignresponse" />
      <RootComponent type="1" schemaName="cgi_applicationlog" />
      <RootComponent type="1" schemaName="cgi_autonumber" />
      <RootComponent type="1" schemaName="cgi_bank" />
      <RootComponent type="1" schemaName="cgi_callguidechat" />
      <RootComponent type="1" schemaName="cgi_callguidefacebook" />
      <RootComponent type="1" schemaName="cgi_callguideinfo" />
      <RootComponent type="1" schemaName="cgi_casecategory" />
      <RootComponent type="1" schemaName="cgi_categorydetail" />
      <RootComponent type="1" schemaName="cgi_creditorderrow" />
      <RootComponent type="1" schemaName="cgi_emailgroup" />
      <RootComponent type="1" schemaName="cgi_emailrecipient" />
      <RootComponent type="1" schemaName="cgi_invoicerecipient" />
      <RootComponent type="1" schemaName="cgi_localizationlanguage" />
      <RootComponent type="1" schemaName="cgi_localizedlabel" />
      <RootComponent type="1" schemaName="cgi_localizedlabelgroup" />
      <RootComponent type="1" schemaName="cgi_passtravelinformation" />
      <RootComponent type="1" schemaName="cgi_refund" />
      <RootComponent type="1" schemaName="cgi_refundaccount" />
      <RootComponent type="1" schemaName="cgi_refundproduct" />
      <RootComponent type="1" schemaName="cgi_refundresponsible" />
      <RootComponent type="1" schemaName="cgi_refundtype" />
      <RootComponent type="1" schemaName="cgi_reimbursementform" />
      <RootComponent type="1" schemaName="cgi_representative" />
      <RootComponent type="1" schemaName="cgi_rgolsetting" />
      <RootComponent type="1" schemaName="cgi_routingaction" />
      <RootComponent type="1" schemaName="cgi_segment" />
      <RootComponent type="1" schemaName="cgi_setting" />
      <RootComponent type="1" schemaName="cgi_transportcompany" />
      <RootComponent type="1" schemaName="cgi_travelcard" />
      <RootComponent type="1" schemaName="cgi_travelcardtransaction" />
      <RootComponent type="1" schemaName="cgi_travelcardtype" />
      <RootComponent type="1" schemaName="cgi_travelinformation" />
      <RootComponent type="1" schemaName="cgi_zonename" />
      <RootComponent type="1" schemaName="competitor" />
      <RootComponent type="1" schemaName="contact" />
      <RootComponent type="1" schemaName="contract" />
      <RootComponent type="1" schemaName="contractdetail" />
      <RootComponent type="1" schemaName="customeraddress" />
      <RootComponent type="1" schemaName="email" />
      <RootComponent type="1" schemaName="incident" />
      <RootComponent type="1" schemaName="incidentresolution" />
      <RootComponent type="1" schemaName="kbarticle" />
      <RootComponent type="1" schemaName="lead" />
      <RootComponent type="1" schemaName="letter" />
      <RootComponent type="1" schemaName="opportunity" />
      <RootComponent type="1" schemaName="opportunityproduct" />
      <RootComponent type="1" schemaName="phonecall" />
      <RootComponent type="1" schemaName="queue" />
      <RootComponent type="1" schemaName="queueitem" />
      <RootComponent type="1" schemaName="quote" />
      <RootComponent type="1" schemaName="service" />
      <RootComponent type="1" schemaName="systemuser" />
      <RootComponent type="1" schemaName="team" />
      <RootComponent type="1" schemaName="template" />
      <RootComponent type="1" schemaName="transactioncurrency" />
      <RootComponent type="1" schemaName="workflow" />
      <RootComponent type="9" schemaName="cgi_color" />
      <RootComponent type="9" schemaName="cgi_sendtoteam" />
      <RootComponent type="9" schemaName="cgi_status" />
      <RootComponent type="9" schemaName="incident_caseorigincode" />
      <RootComponent type="20" id="{1c3bde17-14f2-e311-80ce-0050569010ad}" />
      <RootComponent type="20" id="{e3a5ec58-35f5-e311-80ce-0050569010ad}" />
      <RootComponent type="29" id="{02bfaae7-dccb-4e38-846d-8b02c4a9654e}" />
      <RootComponent type="29" id="{0bcda462-0cdd-4931-8b8d-31a351c571b7}" />
      <RootComponent type="29" id="{3b76fea2-a083-4a9a-b7a6-34b15e8aa3cf}" />
      <RootComponent type="29" id="{4301d955-87dc-456a-ac3e-4d9fb4280af5}" />
      <RootComponent type="29" id="{512a4f85-2b9a-45b0-9d85-0277d1882daf}" />
      <RootComponent type="29" id="{55fc511d-838e-40b1-bcec-f284c5e59679}" />
      <RootComponent type="29" id="{5da60fdc-e50c-4d4c-afc3-d76f03f8ba90}" />
      <RootComponent type="29" id="{83d7c583-c026-488a-8c7b-efc94a827be8}" />
      <RootComponent type="29" id="{a5b5fda6-c231-4704-9085-84deab94d760}" />
      <RootComponent type="29" id="{a7e40fda-f584-4bfa-8b85-945af4d2ac1c}" />
      <RootComponent type="29" id="{ac0d4161-9a43-496e-b06b-b6a55dee0da1}" />
      <RootComponent type="29" id="{aed5e6c8-cc30-48f1-baea-f9cfceaed045}" />
      <RootComponent type="29" id="{b275530a-aa12-4cf3-a9f2-3c637115bcf5}" />
      <RootComponent type="29" id="{c7f21dfc-5075-4eef-a2e4-6078ce648a99}" />
      <RootComponent type="29" id="{d81d3478-54d9-4ff8-a996-dc7796badfed}" />
      <RootComponent type="29" id="{e50381a1-4f05-482d-b94c-6cda0c021744}" />
      <RootComponent type="29" id="{f2b0caf3-83c4-489c-94c6-8206fd6b5c63}" />
      <RootComponent type="29" id="{f48a4690-8a18-4946-8111-1395208a62cd}" />
      <RootComponent type="29" id="{fb722728-88f0-4058-8850-725d8956456a}" />
      <RootComponent type="29" id="{fbb58473-755e-4ec0-b561-064d454765d9}" />
      <RootComponent type="31" id="{b6a3f259-1271-e411-80d3-0050569010ad}" />
      <RootComponent type="36" id="{724f8133-05fd-e311-80d0-0050569010ad}" />
      <RootComponent type="36" id="{cfb7ecc6-7dc1-e311-93f3-00155d0d0417}" />
      <RootComponent type="50" schemaName=":RibbonDiffXml" />
      <RootComponent type="61" schemaName="cgi_/CategoryView.htm" />
      <RootComponent type="61" schemaName="cgi_/ClientBin/CRM.GetBIFFTransactions.xap" />
      <RootComponent type="61" schemaName="cgi_/ClientBin/CRM.GetOrders.xap" />
      <RootComponent type="61" schemaName="cgi_/ClientBin/CRM.Travel.Information.xap" />
      <RootComponent type="61" schemaName="cgi_/ClientBin/CRM.Treeview.Category.xap" />
      <RootComponent type="61" schemaName="cgi_/CRM.GetBIFFTransactionsPage.html" />
      <RootComponent type="61" schemaName="cgi_/CRM.GetOrdersTestPage.html" />
      <RootComponent type="61" schemaName="cgi_/CRM.Travel.InformationPage.html" />
      <RootComponent type="61" schemaName="cgi_/CRM.Treeview.CategoryPage.html" />
      <RootComponent type="61" schemaName="cgi_/images/account_NewCase_16.png" />
      <RootComponent type="61" schemaName="cgi_/images/account_NewCase_32.png" />
      <RootComponent type="61" schemaName="cgi_/images/case_sitemap_ico_24.gif" />
      <RootComponent type="61" schemaName="cgi_/images/cgi_appliocationlog_16.png" />
      <RootComponent type="61" schemaName="cgi_/images/cgi_appliocationlog_32.png" />
      <RootComponent type="61" schemaName="cgi_/images/cgi_bank_16.png" />
      <RootComponent type="61" schemaName="cgi_/images/cgi_bank_32.png" />
      <RootComponent type="61" schemaName="cgi_/images/cgi_bomb_16.png" />
      <RootComponent type="61" schemaName="cgi_/images/cgi_bomb_32.png" />
      <RootComponent type="61" schemaName="cgi_/images/cgi_callguideactivity_16.png" />
      <RootComponent type="61" schemaName="cgi_/images/cgi_callguideactivity_32.png" />
      <RootComponent type="61" schemaName="cgi_/images/cgi_callguideinfo_16.png" />
      <RootComponent type="61" schemaName="cgi_/images/cgi_callguideinfo_32.png" />
      <RootComponent type="61" schemaName="cgi_/images/cgi_campaignvoucher_16.png" />
      <RootComponent type="61" schemaName="cgi_/images/cgi_campaignvoucher_32.png" />
      <RootComponent type="61" schemaName="cgi_/images/cgi_case_category_16.png" />
      <RootComponent type="61" schemaName="cgi_/images/cgi_case_category_32.png" />
      <RootComponent type="61" schemaName="cgi_/images/cgi_category_16.png" />
      <RootComponent type="61" schemaName="cgi_/images/cgi_category_32.png" />
      <RootComponent type="61" schemaName="cgi_/images/cgi_emailgroup_16.png" />
      <RootComponent type="61" schemaName="cgi_/images/cgi_emailgroup_32.png" />
      <RootComponent type="61" schemaName="cgi_/images/cgi_emailrecipient_16.png" />
      <RootComponent type="61" schemaName="cgi_/images/cgi_emailrecipient_32.png" />
      <RootComponent type="61" schemaName="cgi_/images/cgi_language_16.png" />
      <RootComponent type="61" schemaName="cgi_/images/cgi_language_32.png" />
      <RootComponent type="61" schemaName="cgi_/images/cgi_passtravelinformation_16.png" />
      <RootComponent type="61" schemaName="cgi_/images/cgi_passtravelinformation_32.png" />
      <RootComponent type="61" schemaName="cgi_/images/cgi_phone_16.png" />
      <RootComponent type="61" schemaName="cgi_/images/cgi_phone_32.png" />
      <RootComponent type="61" schemaName="cgi_/images/cgi_refund_16.png" />
      <RootComponent type="61" schemaName="cgi_/images/cgi_refund_32.png" />
      <RootComponent type="61" schemaName="cgi_/images/cgi_representativ_16.png" />
      <RootComponent type="61" schemaName="cgi_/images/cgi_representativ_32.png" />
      <RootComponent type="61" schemaName="cgi_/images/cgi_rgolsetting_16.png" />
      <RootComponent type="61" schemaName="cgi_/images/cgi_rgolsetting_32.png" />
      <RootComponent type="61" schemaName="cgi_/images/cgi_sendemail_16.png" />
      <RootComponent type="61" schemaName="cgi_/images/cgi_sendemail_32.png" />
      <RootComponent type="61" schemaName="cgi_/images/cgi_setting_16.png" />
      <RootComponent type="61" schemaName="cgi_/images/cgi_setting_32.png" />
      <RootComponent type="61" schemaName="cgi_/images/cgi_subscription_16.png" />
      <RootComponent type="61" schemaName="cgi_/images/cgi_subscription_32.png" />
      <RootComponent type="61" schemaName="cgi_/images/cgi_transporttype_16.png" />
      <RootComponent type="61" schemaName="cgi_/images/cgi_transporttype_32.png" />
      <RootComponent type="61" schemaName="cgi_/images/cgi_travelinformation_16.png" />
      <RootComponent type="61" schemaName="cgi_/images/cgi_travelinformation_32.png" />
      <RootComponent type="61" schemaName="cgi_/images/cgi_travel_card_16.png" />
      <RootComponent type="61" schemaName="cgi_/images/cgi_travel_card_32.png" />
      <RootComponent type="61" schemaName="cgi_/images/cgi_zonename_16.png" />
      <RootComponent type="61" schemaName="cgi_/images/cgi_zonename_32.png" />
      <RootComponent type="61" schemaName="cgi_/scripts/accountLibrary.js" />
      <RootComponent type="61" schemaName="cgi_/scripts/accountRibbon.js" />
      <RootComponent type="61" schemaName="cgi_/scripts/articleLibrary.js" />
      <RootComponent type="61" schemaName="cgi_/scripts/contactLibrary.js" />
      <RootComponent type="61" schemaName="cgi_/scripts/emailLibrary.js" />
      <RootComponent type="61" schemaName="cgi_/scripts/formscriptfunctions.js" />
      <RootComponent type="61" schemaName="cgi_/scripts/incidentLibrary.js" />
      <RootComponent type="61" schemaName="cgi_/scripts/incidentRibbon.js" />
      <RootComponent type="61" schemaName="cgi_/scripts/json2.js" />
      <RootComponent type="61" schemaName="cgi_/scripts/OData_Querys.js" />
      <RootComponent type="61" schemaName="cgi_/scripts/queueitemRibbon.js" />
      <RootComponent type="61" schemaName="cgi_/scripts/refundLibrary.js" />
      <RootComponent type="61" schemaName="cgi_/scripts/representativLibrary.js" />
      <RootComponent type="61" schemaName="cgi_/scripts/SDK.REST.js" />
      <RootComponent type="61" schemaName="cgi_/scripts/travelCardLibrary.js" />
      <RootComponent type="61" schemaName="cgi_/TabControl.htm" />
      <RootComponent type="61" schemaName="msdyn_/ActivityFeeds.Form.js" />
      <RootComponent type="61" schemaName="msdyn_/RecordWall.htm" />
      <RootComponent type="62" />
      <RootComponent type="70" id="{ae787044-46e6-e311-93f6-00155d0d0417}" />
      <RootComponent type="91" schemaName="CGI.CRM2013.Skanetrafiken.KBArticlePlugin, Version=1.0.0.0, Culture=neutral, PublicKeyToken=6300f73e3300a5ab" />
      <RootComponent type="91" schemaName="CRM2013.SkanetrafikenPlugins, Version=6.1.9.0, Culture=neutral, PublicKeyToken=c77f3fa416bb6653" />
      <RootComponent type="92" id="{13740aa4-4c58-e411-80d2-0050569010ad}" />
      <RootComponent type="92" id="{162c12a3-4af5-e311-80ce-0050569010ad}" />
      <RootComponent type="92" id="{8e7f343e-5d21-e411-80d1-0050569010ad}" />
      <RootComponent type="92" id="{ac5eaf00-6658-e411-80d2-0050569010ad}" />
      <RootComponent type="92" id="{b3db9b2f-7bed-e311-93f6-00155d0d0417}" />
      <RootComponent type="92" id="{e3a81049-0bf2-e311-80ce-0050569010ad}" />
      <RootComponent type="92" id="{e9fce905-274d-e411-80d2-0050569010ad}" />
    </RootComponents>
    <MissingDependencies>
      <MissingDependency>
        <Required key="0" type="1" schemaName="mbs_pluginprofile" displayName="Plug-in Profile" solution="PluginProfiler (1.0.0.0)" />
        <Dependent key="1" type="62" id="{7c00b86b-88d6-e311-80cc-0050569010ad}" />
      </MissingDependency>
      <MissingDependency>
        <Required key="2" type="9" schemaName="incident_caseorigincode" displayName="Case Origin" solution="System" />
        <Dependent key="2" type="9" schemaName="incident_caseorigincode" displayName="Case Origin" />
      </MissingDependency>
      <MissingDependency>
        <Required key="2" type="9" schemaName="incident_caseorigincode" displayName="Case Origin" solution="System" />
        <Dependent key="2" type="9" schemaName="incident_caseorigincode" displayName="Case Origin" />
      </MissingDependency>
      <MissingDependency>
        <Required key="3" type="9" schemaName="processstage_category" displayName="Stage Category" solution="System" />
        <Dependent key="4" type="29" displayName="Case business flow" id="{e50381a1-4f05-482d-b94c-6cda0c021744}" />
      </MissingDependency>
      <MissingDependency>
        <Required key="5" type="20" displayName="System Customizer" solution="System" id="{35cdb411-88d6-e311-80cc-0050569010ad}" parentId="{119f245c-3cc8-4b62-b31c-d1a046ced15d}" />
        <Dependent key="6" type="60" displayName="contact quick info (Skånetrafiken)" parentDisplayName="Contact" id="{ff178ac8-ef93-4f38-bdaf-e2e6a807caaa}" />
      </MissingDependency>
      <MissingDependency>
        <Required key="5" type="20" displayName="System Customizer" solution="System" id="{35cdb411-88d6-e311-80cc-0050569010ad}" parentId="{119f245c-3cc8-4b62-b31c-d1a046ced15d}" />
        <Dependent key="7" type="60" displayName="Phone Call (Skånetrafiken)" parentDisplayName="Callguide Phone Call" id="{8838f07a-e796-475b-9023-432b286dce22}" />
      </MissingDependency>
      <MissingDependency>
        <Required key="5" type="20" displayName="System Customizer" solution="System" id="{35cdb411-88d6-e311-80cc-0050569010ad}" parentId="{119f245c-3cc8-4b62-b31c-d1a046ced15d}" />
        <Dependent key="8" type="60" displayName="Case (Skånetrafiken)" parentDisplayName="Case" id="{2ba9939b-a3ed-43f5-9f44-813626133d89}" />
      </MissingDependency>
      <MissingDependency>
        <Required key="5" type="20" displayName="System Customizer" solution="System" id="{35cdb411-88d6-e311-80cc-0050569010ad}" parentId="{119f245c-3cc8-4b62-b31c-d1a046ced15d}" />
        <Dependent key="9" type="60" displayName="New Form" parentDisplayName="Email Recipient" id="{8f590efe-c827-47b5-80f7-01534710323a}" />
      </MissingDependency>
      <MissingDependency>
        <Required key="5" type="20" displayName="System Customizer" solution="System" id="{35cdb411-88d6-e311-80cc-0050569010ad}" parentId="{119f245c-3cc8-4b62-b31c-d1a046ced15d}" />
        <Dependent key="10" type="60" displayName="User (Skånetrafiken)" parentDisplayName="User" id="{ca4eb74b-2544-4bcc-aaa7-740f8cc7f3ac}" />
      </MissingDependency>
      <MissingDependency>
        <Required key="5" type="20" displayName="System Customizer" solution="System" id="{35cdb411-88d6-e311-80cc-0050569010ad}" parentId="{119f245c-3cc8-4b62-b31c-d1a046ced15d}" />
        <Dependent key="11" type="60" displayName="Contact (Skånetrafiken)" parentDisplayName="Contact" id="{02641b3b-6db0-47a6-921d-987b1e18c523}" />
      </MissingDependency>
      <MissingDependency>
        <Required key="5" type="20" displayName="System Customizer" solution="System" id="{35cdb411-88d6-e311-80cc-0050569010ad}" parentId="{119f245c-3cc8-4b62-b31c-d1a046ced15d}" />
        <Dependent key="12" type="60" displayName="Account (Skånetrafiken)" parentDisplayName="Account" id="{003f08c2-06d9-494b-926a-42020901c6b2}" />
      </MissingDependency>
      <MissingDependency>
        <Required key="5" type="20" displayName="System Customizer" solution="System" id="{35cdb411-88d6-e311-80cc-0050569010ad}" parentId="{119f245c-3cc8-4b62-b31c-d1a046ced15d}" />
        <Dependent key="13" type="60" displayName="Quick View Reresentativ" parentDisplayName="Representative" id="{7cdab57e-b1cc-48f6-90a1-2ccd20d72116}" />
      </MissingDependency>
      <MissingDependency>
        <Required key="5" type="20" displayName="System Customizer" solution="System" id="{35cdb411-88d6-e311-80cc-0050569010ad}" parentId="{119f245c-3cc8-4b62-b31c-d1a046ced15d}" />
        <Dependent key="14" type="60" displayName="Refund Quick View Form" parentDisplayName="Refund" id="{9158695b-9f43-4008-891d-37adbf34ad3d}" />
      </MissingDependency>
      <MissingDependency>
        <Required key="5" type="20" displayName="System Customizer" solution="System" id="{35cdb411-88d6-e311-80cc-0050569010ad}" parentId="{119f245c-3cc8-4b62-b31c-d1a046ced15d}" />
        <Dependent key="15" type="60" displayName="Quick View Chat Conversation" parentDisplayName="Callguide Chat" id="{971708ac-6220-45f0-adc4-52590d6ff6ff}" />
      </MissingDependency>
      <MissingDependency>
        <Required key="5" type="20" displayName="System Customizer" solution="System" id="{35cdb411-88d6-e311-80cc-0050569010ad}" parentId="{119f245c-3cc8-4b62-b31c-d1a046ced15d}" />
        <Dependent key="4" type="29" displayName="Case business flow" id="{e50381a1-4f05-482d-b94c-6cda0c021744}" />
      </MissingDependency>
      <MissingDependency>
        <Required key="5" type="20" displayName="System Customizer" solution="System" id="{35cdb411-88d6-e311-80cc-0050569010ad}" parentId="{119f245c-3cc8-4b62-b31c-d1a046ced15d}" />
        <Dependent key="16" type="60" displayName="Information (Admin)" parentDisplayName="Travel Card" id="{35ec323e-bf50-4af8-992b-02670aefc036}" />
      </MissingDependency>
      <MissingDependency>
        <Required key="5" type="20" displayName="System Customizer" solution="System" id="{35cdb411-88d6-e311-80cc-0050569010ad}" parentId="{119f245c-3cc8-4b62-b31c-d1a046ced15d}" />
        <Dependent key="17" type="60" displayName="Refund Quick Create Form" parentDisplayName="Refund" id="{3e23fb67-fb7c-4b30-bb60-c6364c8e74df}" />
      </MissingDependency>
      <MissingDependency>
        <Required key="5" type="20" displayName="System Customizer" solution="System" id="{35cdb411-88d6-e311-80cc-0050569010ad}" parentId="{119f245c-3cc8-4b62-b31c-d1a046ced15d}" />
        <Dependent key="18" type="60" displayName="Quick Create Representativ" parentDisplayName="Representative" id="{fe83f329-71cc-4589-8144-822d1ba82b39}" />
      </MissingDependency>
      <MissingDependency>
        <Required key="5" type="20" displayName="System Customizer" solution="System" id="{35cdb411-88d6-e311-80cc-0050569010ad}" parentId="{119f245c-3cc8-4b62-b31c-d1a046ced15d}" />
        <Dependent key="19" type="60" displayName="account quick info (Skånetrafiken)" parentDisplayName="Account" id="{9bbf66e6-d903-46db-ac7d-473c0b9184fd}" />
      </MissingDependency>
      <MissingDependency>
        <Required key="5" type="20" displayName="System Customizer" solution="System" id="{35cdb411-88d6-e311-80cc-0050569010ad}" parentId="{119f245c-3cc8-4b62-b31c-d1a046ced15d}" />
        <Dependent key="20" type="60" displayName="Quickview Facebook" parentDisplayName="Callguide Facebook" id="{d244cef4-fc57-46d0-8988-4d230b7bbbd0}" />
      </MissingDependency>
      <MissingDependency>
        <Required key="5" type="20" displayName="System Customizer" solution="System" id="{35cdb411-88d6-e311-80cc-0050569010ad}" parentId="{119f245c-3cc8-4b62-b31c-d1a046ced15d}" />
        <Dependent key="21" type="60" displayName="New Form" parentDisplayName="Travel Card" id="{0bc056ce-d555-49c0-8703-1eaeda80f8b1}" />
      </MissingDependency>
      <MissingDependency>
        <Required key="5" type="20" displayName="System Customizer" solution="System" id="{35cdb411-88d6-e311-80cc-0050569010ad}" parentId="{119f245c-3cc8-4b62-b31c-d1a046ced15d}" />
        <Dependent key="22" type="60" displayName="Case Quick Create (Skånetrafiken)" parentDisplayName="Case" id="{5f40a5f7-e35d-4cf9-84d6-a59c005b5a45}" />
      </MissingDependency>
      <MissingDependency>
        <Required key="23" type="26" schemaName="Local User Queues" displayName="Local User Queues" parentSchemaName="queue" parentDisplayName="Queue" solution="ServiceEnhancements610 (1.0)" id="{6692d3a5-268d-4392-9752-2acf707062bb}" />
        <Dependent key="24" type="60" displayName="User" parentDisplayName="User" id="{c2cd9e55-d4b4-4b55-9951-16ead79643e5}" />
      </MissingDependency>
      <MissingDependency>
        <Required key="25" type="26" schemaName="Associated Cases" displayName="Associated Cases" parentSchemaName="incident" parentDisplayName="Case" solution="ServiceEnhancements610 (1.0)" id="{72210bbb-d9d5-42df-8efd-39395a3cd7a7}" />
        <Dependent key="26" type="60" displayName="Case" parentDisplayName="Case" id="{4a63c8d1-6c1e-48ec-9db4-3e6c7155334c}" />
      </MissingDependency>
      <MissingDependency>
        <Required key="27" type="26" schemaName="Account Entitlements" displayName="Account Entitlements" parentSchemaName="entitlement" parentDisplayName="Entitlement" solution="ServiceEnhancements610 (1.0)" id="{961bf8aa-042f-4f4d-bcca-935bfc9a6994}" />
        <Dependent key="28" type="60" displayName="account card" parentDisplayName="Account" id="{b028db32-3619-48a5-ac51-cf3f947b0ef3}" />
      </MissingDependency>
      <MissingDependency>
        <Required key="29" type="26" schemaName="Contact Entitlements" displayName="Contact Entitlements" parentSchemaName="entitlement" parentDisplayName="Entitlement" solution="ServiceEnhancements610 (1.0)" id="{d227ed1d-362f-4ab5-8125-684d5f52caeb}" />
        <Dependent key="30" type="60" displayName="Contact" parentDisplayName="Contact" id="{1fed44d1-ae68-4a41-bd2b-f13acac4acfa}" />
      </MissingDependency>
      <MissingDependency>
        <Required key="29" type="26" schemaName="Contact Entitlements" displayName="Contact Entitlements" parentSchemaName="entitlement" parentDisplayName="Entitlement" solution="ServiceEnhancements610 (1.0)" id="{d227ed1d-362f-4ab5-8125-684d5f52caeb}" />
        <Dependent key="31" type="60" displayName="contact card" parentDisplayName="Contact" id="{707fc57b-c5e6-471b-a180-e37ed28a38e2}" />
      </MissingDependency>
      <MissingDependency>
        <Required key="32" type="26" schemaName="All Article Comments" displayName="All Article Comments" parentSchemaName="kbarticlecomment" parentDisplayName="Article Comment" solution="System" id="{e3292575-bf8d-47ea-ab5a-056e62898a29}" />
        <Dependent key="33" type="60" displayName="Information" parentDisplayName="Article" id="{fdd6d28a-6a67-4bf3-802c-37eb1a472ae2}" />
      </MissingDependency>
      <MissingDependency>
        <Required key="27" type="26" schemaName="Account Entitlements" displayName="Account Entitlements" parentSchemaName="entitlement" parentDisplayName="Entitlement" solution="ServiceEnhancements610 (1.0)" id="{961bf8aa-042f-4f4d-bcca-935bfc9a6994}" />
        <Dependent key="34" type="60" displayName="Account" parentDisplayName="Account" id="{8448b78f-8f42-454e-8e2a-f8196b0419af}" />
      </MissingDependency>
      <MissingDependency>
        <Required key="35" type="26" schemaName="Mailbox Lookup View" displayName="Mailbox Lookup View" parentSchemaName="mailbox" parentDisplayName="Mailbox" solution="System" id="{aae30b60-d57b-48a3-8009-3d5637c77d5e}" />
        <Dependent key="10" type="60" displayName="User (Skånetrafiken)" parentDisplayName="User" id="{ca4eb74b-2544-4bcc-aaa7-740f8cc7f3ac}" />
      </MissingDependency>
      <MissingDependency>
        <Required key="36" type="26" schemaName="Sites Lookup View" displayName="Sites Lookup View" parentSchemaName="site" parentDisplayName="Site" solution="System" id="{c09b2072-b98f-42d2-a74a-47deaa29f205}" />
        <Dependent key="10" type="60" displayName="User (Skånetrafiken)" parentDisplayName="User" id="{ca4eb74b-2544-4bcc-aaa7-740f8cc7f3ac}" />
      </MissingDependency>
      <MissingDependency>
        <Required key="37" type="26" schemaName="Business Units Lookup View" displayName="Business Units Lookup View" parentSchemaName="businessunit" parentDisplayName="Business Unit" solution="System" id="{408041f8-b27c-4741-9f7a-85eb1714e6a5}" />
        <Dependent key="10" type="60" displayName="User (Skånetrafiken)" parentDisplayName="User" id="{ca4eb74b-2544-4bcc-aaa7-740f8cc7f3ac}" />
      </MissingDependency>
      <MissingDependency>
        <Required key="38" type="26" schemaName="Active Products" displayName="Active Products" parentSchemaName="product" parentDisplayName="Product" solution="System" id="{a066d18a-8a4a-44ee-b78e-9a870dc799dd}" />
        <Dependent key="8" type="60" displayName="Case (Skånetrafiken)" parentDisplayName="Case" id="{2ba9939b-a3ed-43f5-9f44-813626133d89}" />
      </MissingDependency>
      <MissingDependency>
        <Required key="39" type="26" schemaName="Cases Available to Work On" displayName="Cases Available to Work On" parentSchemaName="queueitem" parentDisplayName="Queue Item" solution="ServiceEnhancements610 (1.0)" id="{3e3ca60a-9732-48bd-b16f-f4682eff6f67}" />
        <Dependent key="39" type="26" schemaName="Cases Available to Work On" displayName="Cases Available to Work On" parentSchemaName="queueitem" parentDisplayName="Queue Item" id="{3e3ca60a-9732-48bd-b16f-f4682eff6f67}" />
      </MissingDependency>
      <MissingDependency>
        <Required key="40" type="26" schemaName="Private Queues Lookup View" displayName="Private Queues Lookup View" parentSchemaName="queue" parentDisplayName="Queue" solution="ServiceEnhancements610 (1.0)" id="{75566a9b-cce8-4ed8-acbd-83ee42dd6dee}" />
        <Dependent key="40" type="26" schemaName="Private Queues Lookup View" displayName="Private Queues Lookup View" parentSchemaName="queue" parentDisplayName="Queue" id="{75566a9b-cce8-4ed8-acbd-83ee42dd6dee}" />
      </MissingDependency>
      <MissingDependency>
        <Required key="41" type="26" schemaName="All Cases in Selected Queues" displayName="All Cases in Selected Queues" parentSchemaName="queueitem" parentDisplayName="Queue Item" solution="ServiceEnhancements610 (1.0)" id="{7bea29f4-0240-4f79-9e89-e07a134dc405}" />
        <Dependent key="41" type="26" schemaName="All Cases in Selected Queues" displayName="All Cases in Selected Queues" parentSchemaName="queueitem" parentDisplayName="Queue Item" id="{7bea29f4-0240-4f79-9e89-e07a134dc405}" />
      </MissingDependency>
      <MissingDependency>
        <Required key="42" type="26" schemaName="Cases I am Working On" displayName="Cases I am Working On" parentSchemaName="queueitem" parentDisplayName="Queue Item" solution="ServiceEnhancements610 (1.0)" id="{32314b38-ddbc-47ee-ba27-1bfd8530ef63}" />
        <Dependent key="42" type="26" schemaName="Cases I am Working On" displayName="Cases I am Working On" parentSchemaName="queueitem" parentDisplayName="Queue Item" id="{32314b38-ddbc-47ee-ba27-1bfd8530ef63}" />
      </MissingDependency>
      <MissingDependency>
        <Required key="43" type="26" schemaName="Related Solutions" displayName="Related Solutions" parentSchemaName="connection" parentDisplayName="Connection" solution="System" id="{23fb1036-e41d-4d75-8aa7-27569b5b6512}" />
        <Dependent key="26" type="60" displayName="Case" parentDisplayName="Case" id="{4a63c8d1-6c1e-48ec-9db4-3e6c7155334c}" />
      </MissingDependency>
      <MissingDependency>
        <Required key="44" type="26" schemaName="Valid Entitlements for Cases" displayName="Valid Entitlements for Cases" parentSchemaName="entitlement" parentDisplayName="Entitlement" solution="ServiceEnhancements610 (1.0)" id="{e7ea283b-0490-4956-939b-3325e0798fb8}" />
        <Dependent key="26" type="60" displayName="Case" parentDisplayName="Case" id="{4a63c8d1-6c1e-48ec-9db4-3e6c7155334c}" />
      </MissingDependency>
      <MissingDependency>
        <Required key="38" type="26" schemaName="Active Products" displayName="Active Products" parentSchemaName="product" parentDisplayName="Product" solution="System" id="{a066d18a-8a4a-44ee-b78e-9a870dc799dd}" />
        <Dependent key="26" type="60" displayName="Case" parentDisplayName="Case" id="{4a63c8d1-6c1e-48ec-9db4-3e6c7155334c}" />
      </MissingDependency>
      <MissingDependency>
        <Required key="45" type="26" schemaName="Activity Attachment Associated View" displayName="Activity Attachment Associated View" parentSchemaName="activitymimeattachment" parentDisplayName="Email Attachment" solution="System" id="{270de234-e469-4806-9c7e-8d94901cd521}" />
        <Dependent key="46" type="60" displayName="Email" parentDisplayName="Email" id="{0d1e47ff-12b2-4f53-9090-bee951b98cb4}" />
      </MissingDependency>
      <MissingDependency>
        <Required key="47" type="50" schemaName="incident:RibbonDiffXml" solution="ServiceEnhancements610 (1.0)" />
        <Dependent key="48" type="50" schemaName="incident:RibbonDiffXml" />
      </MissingDependency>
      <MissingDependency>
        <Required key="47" type="50" schemaName="incident:RibbonDiffXml" solution="ServiceEnhancements610 (1.0)" />
        <Dependent key="48" type="50" schemaName="incident:RibbonDiffXml" />
      </MissingDependency>
      <MissingDependency>
        <Required key="49" type="59" schemaName="Active Case by Agent" displayName="Active Case by Agent" parentSchemaName="incident" parentDisplayName="Case" solution="ServiceEnhancements610 (1.0)" id="{4143b74e-4a07-4d01-9ffe-2cdcaa4208fd}" />
        <Dependent key="11" type="60" displayName="Contact (Skånetrafiken)" parentDisplayName="Contact" id="{02641b3b-6db0-47a6-921d-987b1e18c523}" />
      </MissingDependency>
      <MissingDependency>
        <Required key="50" type="61" schemaName="Account_main_system_library.js" displayName="Account_main_system_library.js" solution="System" />
        <Dependent key="12" type="60" displayName="Account (Skånetrafiken)" parentDisplayName="Account" id="{003f08c2-06d9-494b-926a-42020901c6b2}" />
      </MissingDependency>
      <MissingDependency>
        <Required key="51" type="61" schemaName="crmtools_/CRM.Tools.ODataQueryDesignerPage.html" displayName="crmtools_/CRM.Tools.ODataQueryDesignerPage.html" solution="CRMToolsODataQueryDesigner (1.0.0.5)" />
        <Dependent key="1" type="62" id="{7c00b86b-88d6-e311-80cc-0050569010ad}" />
      </MissingDependency>
      <MissingDependency>
        <Required key="52" type="61" schemaName="msdyn_/ActivityFeeds.Form.js" displayName="msdyn_/ActivityFeeds.Form.js" solution="ActivityFeedsCore (6.1.0.581)" />
        <Dependent key="53" type="60" displayName="Information" parentDisplayName="Opportunity" id="{a2a56263-ec37-4991-a3b0-e7b37a71d818}" />
      </MissingDependency>
      <MissingDependency>
        <Required key="54" type="61" schemaName="msdyn_/RecordWall.htm" displayName="msdyn_/RecordWall.htm" solution="ActivityFeedsCore (6.1.0.581)" />
        <Dependent key="53" type="60" displayName="Information" parentDisplayName="Opportunity" id="{a2a56263-ec37-4991-a3b0-e7b37a71d818}" />
      </MissingDependency>
      <MissingDependency>
        <Required key="52" type="61" schemaName="msdyn_/ActivityFeeds.Form.js" displayName="msdyn_/ActivityFeeds.Form.js" solution="ActivityFeedsCore (6.1.0.581)" />
        <Dependent key="55" type="60" displayName="Information" parentDisplayName="User" id="{c0d7d7dd-afd0-4675-85fe-1cc5a48be6df}" />
      </MissingDependency>
      <MissingDependency>
        <Required key="54" type="61" schemaName="msdyn_/RecordWall.htm" displayName="msdyn_/RecordWall.htm" solution="ActivityFeedsCore (6.1.0.581)" />
        <Dependent key="55" type="60" displayName="Information" parentDisplayName="User" id="{c0d7d7dd-afd0-4675-85fe-1cc5a48be6df}" />
      </MissingDependency>
      <MissingDependency>
        <Required key="52" type="61" schemaName="msdyn_/ActivityFeeds.Form.js" displayName="msdyn_/ActivityFeeds.Form.js" solution="ActivityFeedsCore (6.1.0.581)" />
        <Dependent key="56" type="60" displayName="Information" parentDisplayName="Lead" id="{9886ead0-4fcc-4747-9a18-08e7a9a6de71}" />
      </MissingDependency>
      <MissingDependency>
        <Required key="54" type="61" schemaName="msdyn_/RecordWall.htm" displayName="msdyn_/RecordWall.htm" solution="ActivityFeedsCore (6.1.0.581)" />
        <Dependent key="56" type="60" displayName="Information" parentDisplayName="Lead" id="{9886ead0-4fcc-4747-9a18-08e7a9a6de71}" />
      </MissingDependency>
      <MissingDependency>
        <Required key="52" type="61" schemaName="msdyn_/ActivityFeeds.Form.js" displayName="msdyn_/ActivityFeeds.Form.js" solution="ActivityFeedsCore (6.1.0.581)" />
        <Dependent key="57" type="60" displayName="Information" parentDisplayName="Case" id="{f658c846-f74c-459b-b591-b97558958106}" />
      </MissingDependency>
      <MissingDependency>
        <Required key="54" type="61" schemaName="msdyn_/RecordWall.htm" displayName="msdyn_/RecordWall.htm" solution="ActivityFeedsCore (6.1.0.581)" />
        <Dependent key="57" type="60" displayName="Information" parentDisplayName="Case" id="{f658c846-f74c-459b-b591-b97558958106}" />
      </MissingDependency>
      <MissingDependency>
        <Required key="52" type="61" schemaName="msdyn_/ActivityFeeds.Form.js" displayName="msdyn_/ActivityFeeds.Form.js" solution="ActivityFeedsCore (6.1.0.581)" />
        <Dependent key="58" type="60" displayName="Information" parentDisplayName="Competitor" id="{b81139b0-9849-4def-836b-75c4a0f0b03a}" />
      </MissingDependency>
      <MissingDependency>
        <Required key="54" type="61" schemaName="msdyn_/RecordWall.htm" displayName="msdyn_/RecordWall.htm" solution="ActivityFeedsCore (6.1.0.581)" />
        <Dependent key="58" type="60" displayName="Information" parentDisplayName="Competitor" id="{b81139b0-9849-4def-836b-75c4a0f0b03a}" />
      </MissingDependency>
      <MissingDependency>
        <Required key="52" type="61" schemaName="msdyn_/ActivityFeeds.Form.js" displayName="msdyn_/ActivityFeeds.Form.js" solution="ActivityFeedsCore (6.1.0.581)" />
        <Dependent key="59" type="60" displayName="Information" parentDisplayName="Contact" id="{894cc46a-b0cb-4ab0-8bf6-200544e46a2d}" />
      </MissingDependency>
      <MissingDependency>
        <Required key="54" type="61" schemaName="msdyn_/RecordWall.htm" displayName="msdyn_/RecordWall.htm" solution="ActivityFeedsCore (6.1.0.581)" />
        <Dependent key="59" type="60" displayName="Information" parentDisplayName="Contact" id="{894cc46a-b0cb-4ab0-8bf6-200544e46a2d}" />
      </MissingDependency>
      <MissingDependency>
        <Required key="52" type="61" schemaName="msdyn_/ActivityFeeds.Form.js" displayName="msdyn_/ActivityFeeds.Form.js" solution="ActivityFeedsCore (6.1.0.581)" />
        <Dependent key="60" type="60" displayName="Information" parentDisplayName="Account" id="{b053a39a-041a-4356-acef-ddf00182762b}" />
      </MissingDependency>
      <MissingDependency>
        <Required key="54" type="61" schemaName="msdyn_/RecordWall.htm" displayName="msdyn_/RecordWall.htm" solution="ActivityFeedsCore (6.1.0.581)" />
        <Dependent key="60" type="60" displayName="Information" parentDisplayName="Account" id="{b053a39a-041a-4356-acef-ddf00182762b}" />
      </MissingDependency>
      <MissingDependency>
        <Required key="61" type="61" schemaName="Incident_main_system_library.js" displayName="Incident_main_system_library.js" solution="System" />
        <Dependent key="8" type="60" displayName="Case (Skånetrafiken)" parentDisplayName="Case" id="{2ba9939b-a3ed-43f5-9f44-813626133d89}" />
      </MissingDependency>
      <MissingDependency>
        <Required key="61" type="61" schemaName="Incident_main_system_library.js" displayName="Incident_main_system_library.js" solution="System" />
        <Dependent key="26" type="60" displayName="Case" parentDisplayName="Case" id="{4a63c8d1-6c1e-48ec-9db4-3e6c7155334c}" />
      </MissingDependency>
      <MissingDependency>
        <Required key="54" type="61" schemaName="msdyn_/RecordWall.htm" displayName="msdyn_/RecordWall.htm" solution="ActivityFeedsCore (6.1.0.581)" />
        <Dependent key="54" type="61" schemaName="msdyn_/RecordWall.htm" displayName="msdyn_/RecordWall.htm" />
      </MissingDependency>
      <MissingDependency>
        <Required key="52" type="61" schemaName="msdyn_/ActivityFeeds.Form.js" displayName="msdyn_/ActivityFeeds.Form.js" solution="ActivityFeedsCore (6.1.0.581)" />
        <Dependent key="52" type="61" schemaName="msdyn_/ActivityFeeds.Form.js" displayName="msdyn_/ActivityFeeds.Form.js" />
      </MissingDependency>
      <MissingDependency>
        <Required key="62" type="61" schemaName="SystemUser_main_system_library.js" displayName="SystemUser_main_system_library.js" solution="System" />
        <Dependent key="55" type="60" displayName="Information" parentDisplayName="User" id="{c0d7d7dd-afd0-4675-85fe-1cc5a48be6df}" />
      </MissingDependency>
      <MissingDependency>
        <Required key="62" type="61" schemaName="SystemUser_main_system_library.js" displayName="SystemUser_main_system_library.js" solution="System" />
        <Dependent key="10" type="60" displayName="User (Skånetrafiken)" parentDisplayName="User" id="{ca4eb74b-2544-4bcc-aaa7-740f8cc7f3ac}" />
      </MissingDependency>
      <MissingDependency>
        <Required key="63" type="61" schemaName="Contact_main_system_library.js" displayName="Contact_main_system_library.js" solution="System" />
        <Dependent key="11" type="60" displayName="Contact (Skånetrafiken)" parentDisplayName="Contact" id="{02641b3b-6db0-47a6-921d-987b1e18c523}" />
      </MissingDependency>
      <MissingDependency>
        <Required key="50" type="61" schemaName="Account_main_system_library.js" displayName="Account_main_system_library.js" solution="System" />
        <Dependent key="34" type="60" displayName="Account" parentDisplayName="Account" id="{8448b78f-8f42-454e-8e2a-f8196b0419af}" />
      </MissingDependency>
      <MissingDependency>
        <Required key="61" type="61" schemaName="Incident_main_system_library.js" displayName="Incident_main_system_library.js" solution="System" />
        <Dependent key="64" type="60" displayName="Case Quick Create" parentDisplayName="Case" id="{8e10b902-0b3e-441c-8b12-88e6c1793848}" />
      </MissingDependency>
    </MissingDependencies>
  </SolutionManifest>
</ImportExportXml>