<ImportExportXml xmlns:xsi="http://www.w3.org/2001/XMLSchema-instance">
  <Entities></Entities>
  <Roles></Roles>
  <Workflows></Workflows>
  <FieldSecurityProfiles></FieldSecurityProfiles>
  <Templates />
  <RibbonDiffXml>
    <CustomActions />
    <Templates>
      <RibbonTemplates Id="Mscrm.Templates"></RibbonTemplates>
    </Templates>
    <CommandDefinitions />
    <RuleDefinitions>
      <TabDisplayRules />
      <DisplayRules />
      <EnableRules />
    </RuleDefinitions>
    <LocLabels />
  </RibbonDiffXml>
  <SiteMap>
    <SiteMap>
      <Area Id="CaseManagerment" Icon="$webresource:cgi_/images/case_sitemap_ico_24.gif">
        <Titles>
          <Title LCID="1033" Title="Case Managment" />
          <Title LCID="1053" Title="Ärendehantering" />
        </Titles>
        <Group Id="CM">
          <Titles>
            <Title LCID="1033" Title="Case" />
            <Title LCID="1053" Title="Ärende" />
          </Titles>
          <SubArea Id="nav_dashboards" ResourceId="Homepage_Dashboards" DescriptionResourceId="Dashboards_Description" Icon="/_imgs/area/18_home.gif" Url="/workplace/home_dashboards.aspx" GetStartedPanePath="Dashboards_Web_User_Visor.html" GetStartedPanePathAdmin="Dashboards_Web_Admin_Visor.html" GetStartedPanePathOutlook="Dashboards_Outlook_User_Visor.html" GetStartedPanePathAdminOutlook="Dashboards_Outlook_Admin_Visor.html" DefaultDashboard="15e19ce1-819e-4789-a5aa-ea4fe1741568" />
          <SubArea Id="nav_activities" DescriptionResourceId="Activities_SubArea_Description" Url="/_root/homepage.aspx?etc=4200" Entity="activitypointer" GetStartedPanePath="Activities_Web_User_Visor.html" GetStartedPanePathAdmin="Activities_Web_Admin_Visor.html" GetStartedPanePathOutlook="Activities_Outlook_User_Visor.html" GetStartedPanePathAdminOutlook="Activities_Outlook_Admin_Visor.html" />
          <SubArea Id="nav_cases" DescriptionResourceId="Cases_SubArea_Description" Entity="incident" GetStartedPanePath="Cases_Web_User_Visor.html" GetStartedPanePathAdmin="Cases_Web_Admin_Visor.html" GetStartedPanePathOutlook="Cases_Outlook_User_Visor.html" GetStartedPanePathAdminOutlook="Cases_Outlook_Admin_Visor.html">
            <Privilege Entity="incident" Privilege="Read" />
          </SubArea>
          <SubArea Id="nav_accts" DescriptionResourceId="Account_SubArea_Description" Entity="account" GetStartedPanePath="Accounts_Web_User_Visor.html" GetStartedPanePathAdmin="Accounts_Web_Admin_Visor.html" GetStartedPanePathOutlook="Accounts_Outlook_User_Visor.html" GetStartedPanePathAdminOutlook="Accounts_Outlook_Admin_Visor.html">
            <Privilege Entity="account" Privilege="Read" />
          </SubArea>
          <SubArea Id="nav_conts" DescriptionResourceId="Contact_SubArea_Description" Entity="contact" GetStartedPanePath="Contacts_Web_User_Visor.html" GetStartedPanePathAdmin="Contacts_Web_Admin_Visor.html" GetStartedPanePathOutlook="Contacts_Outlook_User_Visor.html" GetStartedPanePathAdminOutlook="Contacts_Outlook_Admin_Visor.html">
            <Privilege Entity="contact" Privilege="Read" />
          </SubArea>
          <SubArea Id="nav_queues" ResourceId="Homepage_Queues" DescriptionResourceId="Queues_SubArea_Description" Icon="/_imgs/ico_18_2020.gif" Url="/_root/homepage.aspx?etc=2029" GetStartedPanePath="Queues_Web_User_Visor.html" GetStartedPanePathAdmin="Queues_Web_Admin_Visor.html" GetStartedPanePathOutlook="Queues_Outlook_User_Visor.html" GetStartedPanePathAdminOutlook="Queues_Outlook_Admin_Visor.html">
            <Privilege Entity="queue" Privilege="Read" />
          </SubArea>
          <SubArea Id="cgi_travelcard" Entity="cgi_travelcard" />
        </Group>
      </Area>
      <Area Id="CaseAdmin" Icon="$webresource:cgi_/images/case_sitemap_ico_24.gif" ShowGroups="true">
        <Titles>
          <Title LCID="1033" Title="Case Administration" />
          <Title LCID="1053" Title="Ärendeadministration" />
        </Titles>
        <Group Id="CMAdmin">
          <Titles>
            <Title LCID="1033" Title="Case Admin" />
            <Title LCID="1053" Title="Ärende admin" />
          </Titles>
          <SubArea Id="nav_answers" DescriptionResourceId="Article_SubArea_Description" Entity="kbarticle" GetStartedPanePath="KB_Web_User_Visor.html" GetStartedPanePathAdmin="KB_Web_Admin_Visor.html" GetStartedPanePathOutlook="KB_Outlook_User_Visor.html" GetStartedPanePathAdminOutlook="KB_Outlook_Admin_Visor.html">
            <Privilege Entity="kbarticle" Privilege="Create,Read,Write" />
          </SubArea>
        </Group>
        <Group Id="Travelcard" ResourceId="Group_Extensions_Travelcard">
          <Titles>
            <Title LCID="1033" Title="Travel Card" />
            <Title LCID="1053" Title="Jojo kort" />
          </Titles>
          <SubArea Id="cgi_travelcardtype" Entity="cgi_travelcardtype" />
          <SubArea Id="cgi_travelcardsubscription" Entity="cgi_travelcardsubscription" />
          <SubArea Id="cgi_travelcardtransaction" Entity="cgi_travelcardtransaction" />
        </Group>
        <Group Id="Case_Group" ResourceId="Group_Extensions_Case">
          <Titles>
            <Title LCID="1033" Title="Case Settings" />
            <Title LCID="1053" Title="Ärende inställningar" />
          </Titles>
          <SubArea Id="cgi_categorydetail" Entity="cgi_categorydetail" />
          <SubArea Id="cgi_refundtype" Entity="cgi_refundtype" />
          <SubArea Id="cgi_invoicerecipient" Entity="cgi_invoicerecipient" />
          <SubArea Id="cgi_reimbursementform" Entity="cgi_reimbursementform" />
          <SubArea Id="cgi_refundaccount" Entity="cgi_refundaccount" />
          <SubArea Id="cgi_refundproduct" Entity="cgi_refundproduct" />
          <SubArea Id="cgi_refund" Entity="cgi_refund" />
          <SubArea Id="cgi_travelinformation" Entity="cgi_travelinformation" />
        </Group>
        <Group Id="Account_Group" ResourceId="Group_Extensions_Account">
          <Titles>
            <Title LCID="1033" Title="Account Settings" />
            <Title LCID="1053" Title="Kund inställningar" />
          </Titles>
          <SubArea Id="cgi_segment" Entity="cgi_segment" />
        </Group>
        <Group Id="Email_Group" ResourceId="Group_Extensions_Email">
          <Titles>
            <Title LCID="1033" Title="Email Settings" />
            <Title LCID="1053" Title="E-post inställningar" />
          </Titles>
          <SubArea Id="cgi_emailgroup" Entity="cgi_emailgroup" />
          <SubArea Id="cgi_emailrecipient" Entity="cgi_emailrecipient" />
        </Group>
      </Area>
      <Area Id="MA" ResourceId="Area_Marketing" DescriptionResourceId="Marketing_Description" Icon="/_imgs/marketing_24x24.gif" ShowGroups="true">
        <Group Id="MyWork" ResourceId="Group_MyWork" DescriptionResourceId="My_Work_Description">
          <SubArea Id="nav_dashboards" ResourceId="Homepage_Dashboards" DescriptionResourceId="Dashboards_Description" Icon="/_imgs/area/18_home.gif" Url="/workplace/home_dashboards.aspx" GetStartedPanePath="Dashboards_Web_User_Visor.html" GetStartedPanePathAdmin="Dashboards_Web_Admin_Visor.html" GetStartedPanePathOutlook="Dashboards_Outlook_User_Visor.html" GetStartedPanePathAdminOutlook="Dashboards_Outlook_Admin_Visor.html" DefaultDashboard="B46AEB74-BF0C-44FB-8158-9575588D1B57" />
          <SubArea Id="nav_activities" DescriptionResourceId="Activities_SubArea_Description" Url="/_root/homepage.aspx?etc=4200" Entity="activitypointer" GetStartedPanePath="Activities_Web_User_Visor.html" GetStartedPanePathAdmin="Activities_Web_Admin_Visor.html" GetStartedPanePathOutlook="Activities_Outlook_User_Visor.html" GetStartedPanePathAdminOutlook="Activities_Outlook_Admin_Visor.html" />
        </Group>
        <Group Id="Customers" ResourceId="Group_Customers" DescriptionResourceId="Customers_Description">
          <SubArea Id="nav_accts" DescriptionResourceId="Account_SubArea_Description" Entity="account" GetStartedPanePath="Accounts_Web_User_Visor.html" GetStartedPanePathAdmin="Accounts_Web_Admin_Visor.html" GetStartedPanePathOutlook="Accounts_Outlook_User_Visor.html" GetStartedPanePathAdminOutlook="Accounts_Outlook_Admin_Visor.html" />
          <SubArea Id="nav_conts" DescriptionResourceId="Contact_SubArea_Description" Entity="contact" GetStartedPanePath="Contacts_Web_User_Visor.html" GetStartedPanePathAdmin="Contacts_Web_Admin_Visor.html" GetStartedPanePathOutlook="Contacts_Outlook_User_Visor.html" GetStartedPanePathAdminOutlook="Contacts_Outlook_Admin_Visor.html" />
        </Group>
        <Group Id="MA" ResourceId="Area_Marketing" DescriptionResourceId="Marketing_Description">
          <SubArea Id="nav_leads" Entity="lead" DescriptionResourceId="Lead_SubArea_Description" GetStartedPanePath="Leads_Web_User_Visor.html" GetStartedPanePathAdmin="Leads_Web_Admin_Visor.html" GetStartedPanePathOutlook="Leads_Outlook_User_Visor.html" GetStartedPanePathAdminOutlook="Leads_Outlook_Admin_Visor.html" />
          <SubArea Id="nav_lists" DescriptionResourceId="MarketingList_SubArea_Description" Entity="list" GetStartedPanePath="Marketing-Lists_Web_User_Visor.html" GetStartedPanePathAdmin="Marketing-Lists_Web_Admin_Visor.html" GetStartedPanePathOutlook="Marketing-Lists_Outlook_User_Visor.html" GetStartedPanePathAdminOutlook="Marketing-Lists_Outlook_Admin_Visor.html" />
          <SubArea Id="nav_campaigns" DescriptionResourceId="Campaign_SubArea_Description" Entity="campaign" GetStartedPanePath="Campaigns_Web_User_Visor.html" GetStartedPanePathAdmin="Campaigns_Web_Admin_Visor.html" GetStartedPanePathOutlook="Campaigns_Outlook_User_Visor.html" GetStartedPanePathAdminOutlook="Campaigns_Outlook_Admin_Visor.html" />
          <SubArea Id="nav_minicamps" DescriptionResourceId="Quick_Campaign_Description" Icon="/_imgs/ico_18_minicamps.gif" Entity="bulkoperation" GetStartedPanePath="Quick-Campaigns_Web_User_Visor.html" GetStartedPanePathAdmin="Quick-Campaigns_Web_Admin_Visor.html" GetStartedPanePathOutlook="Quick-Campaigns_Outlook_User_Visor.html" GetStartedPanePathAdminOutlook="Quick-Campaigns_Outlook_Admin_Visor.html" />
        </Group>
        <Group Id="Collateral" ResourceId="Area_Collateral" DescriptionResourceId="Area_Collateral_Description">
          <SubArea Id="nav_products" DescriptionResourceId="Product_SubArea_Description" Entity="product" GetStartedPanePath="Products_Web_User_Visor.html" GetStartedPanePathAdmin="Products_Web_Admin_Visor.html" GetStartedPanePathOutlook="Products_Outlook_User_Visor.html" GetStartedPanePathAdminOutlook="Products_Outlook_Admin_Visor.html" />
          <SubArea Id="nav_saleslit" DescriptionResourceId="SalesLit_SubArea_Description" Entity="salesliterature" />
        </Group>
        <Group Id="Tools" ResourceId="Area_Tools" IsProfile="true" DescriptionResourceId="Area_Tools_Description">
          <SubArea Id="nav_reports" Entity="report" DescriptionResourceId="Reports_Description">
            <Privilege Entity="report" Privilege="Read" />
          </SubArea>
          <SubArea Id="nav_traces" Icon="/_imgs/area/18_alerts.png" Url="/_root/tracewall.aspx" ResourceId="Homepage_Alerts" AvailableOffline="false" DescriptionResourceId="Alerts_SubArea_Description">
            <Privilege Entity="tracelog" Privilege="Read" />
          </SubArea>
          <SubArea Id="nav_calendar" ResourceId="Homepage_Calendar" Icon="/_imgs/area/18_calendar.gif" Url="/workplace/home_calendar.aspx" Client="Web">
            <Privilege Entity="activitypointer" Privilege="Read" />
          </SubArea>
        </Group>
      </Area>
      <Area Id="Settings" ResourceId="Area_Settings" ShowGroups="true" Icon="/_imgs/settings_24x24.gif" DescriptionResourceId="Settings_Area_Description">
        <Group Id="Business_Setting" ResourceId="Menu_Label_Business" DescriptionResourceId="Menu_Label_Business">
          <SubArea Id="nav_businessmanagement" ResourceId="Homepage_BusinessManagement" DescriptionResourceId="BizManagement_SubArea_Description" Icon="/_imgs/ico_18_busmanagement.gif" Url="/tools/business/business.aspx" AvailableOffline="false" />
          <SubArea Id="nav_template" ResourceId="Homepage_Template" DescriptionResourceId="Template_SubArea_Description" Icon="/_imgs/ico_18_templates.gif" Url="/tools/templates/templates.aspx" AvailableOffline="false" />
          <SubArea Id="nav_productcatalog" ResourceId="Homepage_ProductCatalog" DescriptionResourceId="ProductCatalog_SubArea_Description" Icon="/_imgs/ico_18_productcatalog.gif" Url="/tools/productcatalog/productcatalog.aspx" AvailableOffline="false">
            <Privilege Entity="product" Privilege="Read" />
          </SubArea>
          <SubArea Id="nav_servicemanagement" ResourceId="Homepage_ServiceManagement" DescriptionResourceId="ServiceManagement_SubArea_Description" Url="/tools/servicemanagement/servicemanagement.aspx" AvailableOffline="false" />
        </Group>
        <Group Id="Customizations" ResourceId="Homepage_SystemCustomization" DescriptionResourceId="Homepage_SystemCustomization">
          <SubArea Id="nav_syscust" ResourceId="Menu_Label_Customizations" DescriptionResourceId="Customization_SubArea_Description" Icon="/_imgs/area/18_syscust.gif" Url="/tools/systemcustomization/systemcustomization.aspx" AvailableOffline="false" />
          <SubArea Id="nav_solution" Entity="solution" ResourceId="Web.Tools.Solution.map_xml.aspx_1" AvailableOffline="false" GetStartedPanePath="Solutions_Web_Admin_Visor.html" GetStartedPanePathAdmin="Solutions_Web_Admin_Visor.html" GetStartedPanePathOutlook="Solutions_Outlook_Admin_Visor.html" GetStartedPanePathAdminOutlook="Solutions_Outlook_Admin_Visor.html" DescriptionResourceId="Web.Tools.Solution.map_xml.aspx_2" Url="/tools/Solution/home_solution.aspx?etc=7100">
            <Privilege Entity="solution" Privilege="Read" />
          </SubArea>
          <SubArea Id="nav_marketplace" ResourceId="Homepage_Marketplace" DescriptionResourceId="Marketplace_SubArea_Description" Icon="/_imgs/SystemCustomization/ico_18_marketplace.png" Url="/tools/SystemCustomization/SolutionsMarketplace/SolutionsMarketplace.aspx" Client="Web" />
        </Group>
        <Group Id="System_Setting" ResourceId="Menu_Label_System" DescriptionResourceId="Menu_Label_System">
          <SubArea Id="nav_administration" ResourceId="Homepage_Administration" DescriptionResourceId="Administration_SubArea_Description" Icon="/_imgs/ico_18_administration.gif" Url="/tools/Admin/admin.aspx" AvailableOffline="false" />
          <SubArea Id="nav_datamanagement" ResourceId="Homepage_DataManagement" DescriptionResourceId="DataManagement_SubArea_Description" Icon="/_imgs/ico_18_datamanagement.gif" Url="/tools/DataManagement/datamanagement.aspx" AvailableOffline="false" />
          <SubArea Id="nav_systemjobs" ResourceId="Homepage_SystemJobs" DescriptionResourceId="SystemJobs_SubArea_Description" Entity="asyncoperation" Url="/tools/business/home_asyncoperation.aspx" AvailableOffline="false" />
          <SubArea Id="nav_documentmanagement" ResourceId="DocumentManagement.SettingsArea.Heading" DescriptionResourceId="DocumentManagement.SettingsArea.Description" Icon="/_imgs/DocumentManagement_16.png" Url="/tools/documentmanagement/documentmanagement.aspx" AvailableOffline="false">
            <Privilege Entity="sharepointsite" Privilege="Read" />
            <Privilege Entity="sharepointdocumentlocation" Privilege="Read" />
          </SubArea>
          <SubArea Id="nav_audit" ResourceId="Audit_SubArea_Title" DescriptionResourceId="Audit_SubArea_Description" Icon="/_imgs/area/16_audit.png" Url="/tools/audit/audit_area.aspx" AvailableOffline="false" />
          <SubArea Id="nav_social" ResourceId="Social_SubArea_Title" DescriptionResourceId="Social_SubArea_Description" Icon="/_imgs/area/16_social.png" Url="/tools/social/social_area.aspx" AvailableOffline="false" />
          <SubArea Id="msdyn_postconfig" ResourceId="Activity_Feed_Configuration" Entity="msdyn_postconfig" />
          <SubArea Id="msdyn_postruleconfig" ResourceId="Activity_Feed_Rules_Configuration" Entity="msdyn_postruleconfig" />
        </Group>
        <Group Id="ProcessCenter" ResourceId="Menu_Label_ProcessCenter" DescriptionResourceId="Menu_Label_ProcessCenter">
          <SubArea Id="nav_workflow" Entity="workflow" DescriptionResourceId="Workflow_SubArea_Description" AvailableOffline="false" GetStartedPanePath="Workflows_Web_User_Visor.html" GetStartedPanePathAdmin="Workflows_Web_Admin_Visor.html" GetStartedPanePathOutlook="Workflows_Outlook_User_Visor.html" GetStartedPanePathAdminOutlook="Workflows_Outlook_Admin_Visor.html" />
        </Group>
        <Group Id="crmtools_Group">
          <Titles>
            <Title LCID="1033" Title="CRM Tools" />
          </Titles>
          <SubArea Id="crmtools_nav_odataquerydesigner" Url="$webresource:crmtools_/CRM.Tools.ODataQueryDesignerPage.html" AvailableOffline="false">
            <Titles>
              <Title LCID="1033" Title="OData Query Designer" />
            </Titles>
          </SubArea>
        </Group>
        <Group Id="CGI_Extensions" ResourceId="Group_Extensions_CGI">
          <Titles>
            <Title LCID="1033" Title="CGI Settings" />
            <Title LCID="1053" Title="CGI inställningar" />
          </Titles>
          <SubArea Id="cgi_applicationlog" Entity="cgi_applicationlog" />
          <SubArea Id="cgi_localizationlanguage" Entity="cgi_localizationlanguage" />
          <SubArea Id="cgi_localizedlabel" Entity="cgi_localizedlabel" />
          <SubArea Id="cgi_localizedlabelgroup" Entity="cgi_localizedlabelgroup" />
          <SubArea Id="cgi_autonumber" Entity="cgi_autonumber" />
          <SubArea Id="cgi_routingaction" Entity="cgi_routingaction" />
          <SubArea Id="cgi_setting" Entity="cgi_setting" />
        </Group>
      </Area>
      <Area Id="HLP" ResourceId="Area_Help" ShowGroups="true" Icon="/_imgs/settings_24x24.gif" DescriptionResourceId="Help_Area_Description">
        <Group Id="HLP_GRP" ResourceId="Group_Help" DescriptionResourceId="Help_Description">
          <SubArea Id="Help_Resource_Center" Url="http://go.microsoft.com/fwlink/?LinkId=296269&amp;clcid=0x409" ResourceId="Area_CustomerCenter" DescriptionResourceId="ResourceCenter_Area_Description" AvailableOffline="false" />
        </Group>
      </Area>
    </SiteMap>
  </SiteMap>
  <EntityMaps />
  <EntityRelationships />
  <OrganizationSettings />
  <optionsets />
  <WebResources>
    <WebResource>
      <WebResourceId>{f0f83540-f4b4-e311-93f3-00155d0d0417}</WebResourceId>
      <Name>cgi_/images/case_sitemap_ico_24.gif</Name>
      <DisplayName>Case Sitemap GIF</DisplayName>
      <WebResourceType>7</WebResourceType>
      <IntroducedVersion>1.2</IntroducedVersion>
      <IsCustomizable>1</IsCustomizable>
      <CanBeDeleted>1</CanBeDeleted>
      <IsHidden>0</IsHidden>
      <FileName>/WebResources/cgi_imagescase_sitemap_ico_24gifF0F83540-F4B4-E311-93F3-00155D0D0417</FileName>
    </WebResource>
  </WebResources>
  <Languages>
    <Language>1033</Language>
    <Language>1053</Language>
  </Languages>
</ImportExportXml>