<ImportExportXml version="6.1.0000.0581" SolutionPackageVersion="6.1" languagecode="1033" generatedBy="OnPremise" xmlns:xsi="http://www.w3.org/2001/XMLSchema-instance">
  <SolutionManifest>
    <UniqueName>Sitemap</UniqueName>
    <LocalizedNames>
      <LocalizedName description="Sitemap" languagecode="1033" />
    </LocalizedNames>
    <Descriptions />
    <Version>1.3</Version>
    <Managed>0</Managed>
    <Publisher>
      <UniqueName>cgipublisherforsknetrafiken</UniqueName>
      <LocalizedNames>
        <LocalizedName description="CGI Publisher for Skånetrafiken" languagecode="1033" />
        <LocalizedName description="CGI Publisher för Skånetrafiken" languagecode="1053" />
      </LocalizedNames>
      <Descriptions />
      <EMailAddress xsi:nil="true"></EMailAddress>
      <SupportingWebsiteUrl xsi:nil="true"></SupportingWebsiteUrl>
      <CustomizationPrefix>cgi</CustomizationPrefix>
      <CustomizationOptionValuePrefix>28505</CustomizationOptionValuePrefix>
      <Addresses>
        <Address>
          <AddressNumber>1</AddressNumber>
          <AddressTypeCode>1</AddressTypeCode>
          <City xsi:nil="true"></City>
          <County xsi:nil="true"></County>
          <Country xsi:nil="true"></Country>
          <Fax xsi:nil="true"></Fax>
          <FreightTermsCode xsi:nil="true"></FreightTermsCode>
          <ImportSequenceNumber xsi:nil="true"></ImportSequenceNumber>
          <Latitude xsi:nil="true"></Latitude>
          <Line1 xsi:nil="true"></Line1>
          <Line2 xsi:nil="true"></Line2>
          <Line3 xsi:nil="true"></Line3>
          <Longitude xsi:nil="true"></Longitude>
          <Name xsi:nil="true"></Name>
          <PostalCode xsi:nil="true"></PostalCode>
          <PostOfficeBox xsi:nil="true"></PostOfficeBox>
          <PrimaryContactName xsi:nil="true"></PrimaryContactName>
          <ShippingMethodCode>1</ShippingMethodCode>
          <StateOrProvince xsi:nil="true"></StateOrProvince>
          <Telephone1 xsi:nil="true"></Telephone1>
          <Telephone2 xsi:nil="true"></Telephone2>
          <Telephone3 xsi:nil="true"></Telephone3>
          <TimeZoneRuleVersionNumber xsi:nil="true"></TimeZoneRuleVersionNumber>
          <UPSZone xsi:nil="true"></UPSZone>
          <UTCOffset xsi:nil="true"></UTCOffset>
          <UTCConversionTimeZoneCode xsi:nil="true"></UTCConversionTimeZoneCode>
        </Address>
        <Address>
          <AddressNumber>2</AddressNumber>
          <AddressTypeCode>1</AddressTypeCode>
          <City xsi:nil="true"></City>
          <County xsi:nil="true"></County>
          <Country xsi:nil="true"></Country>
          <Fax xsi:nil="true"></Fax>
          <FreightTermsCode xsi:nil="true"></FreightTermsCode>
          <ImportSequenceNumber xsi:nil="true"></ImportSequenceNumber>
          <Latitude xsi:nil="true"></Latitude>
          <Line1 xsi:nil="true"></Line1>
          <Line2 xsi:nil="true"></Line2>
          <Line3 xsi:nil="true"></Line3>
          <Longitude xsi:nil="true"></Longitude>
          <Name xsi:nil="true"></Name>
          <PostalCode xsi:nil="true"></PostalCode>
          <PostOfficeBox xsi:nil="true"></PostOfficeBox>
          <PrimaryContactName xsi:nil="true"></PrimaryContactName>
          <ShippingMethodCode>1</ShippingMethodCode>
          <StateOrProvince xsi:nil="true"></StateOrProvince>
          <Telephone1 xsi:nil="true"></Telephone1>
          <Telephone2 xsi:nil="true"></Telephone2>
          <Telephone3 xsi:nil="true"></Telephone3>
          <TimeZoneRuleVersionNumber xsi:nil="true"></TimeZoneRuleVersionNumber>
          <UPSZone xsi:nil="true"></UPSZone>
          <UTCOffset xsi:nil="true"></UTCOffset>
          <UTCConversionTimeZoneCode xsi:nil="true"></UTCConversionTimeZoneCode>
        </Address>
      </Addresses>
    </Publisher>
    <RootComponents>
      <RootComponent type="50" schemaName=":RibbonDiffXml" />
      <RootComponent type="61" schemaName="cgi_/images/case_sitemap_ico_24.gif" />
      <RootComponent type="62" />
    </RootComponents>
    <MissingDependencies>
      <MissingDependency>
        <Required key="0" type="1" schemaName="cgi_travelcard" displayName="Travel Card" solution="Active" />
        <Dependent key="1" type="62" id="{7c00b86b-88d6-e311-80cc-0050569010ad}" />
      </MissingDependency>
      <MissingDependency>
        <Required key="2" type="1" schemaName="cgi_refundtype" displayName="Refund Type" solution="Active" />
        <Dependent key="1" type="62" id="{7c00b86b-88d6-e311-80cc-0050569010ad}" />
      </MissingDependency>
      <MissingDependency>
        <Required key="3" type="1" schemaName="cgi_reimbursementform" displayName="Reimbursement Form" solution="Active" />
        <Dependent key="1" type="62" id="{7c00b86b-88d6-e311-80cc-0050569010ad}" />
      </MissingDependency>
      <MissingDependency>
        <Required key="4" type="1" schemaName="cgi_localizedlabelgroup" displayName="Localized Label Group" solution="Active" />
        <Dependent key="1" type="62" id="{7c00b86b-88d6-e311-80cc-0050569010ad}" />
      </MissingDependency>
      <MissingDependency>
        <Required key="5" type="1" schemaName="msdyn_postruleconfig" displayName="Post Rule Configuration" solution="ActivityFeedsCore (6.1.0.581)" />
        <Dependent key="1" type="62" id="{7c00b86b-88d6-e311-80cc-0050569010ad}" />
      </MissingDependency>
      <MissingDependency>
        <Required key="6" type="1" schemaName="cgi_travelcardtransaction" displayName="Travel Card Transaction" solution="Active" />
        <Dependent key="1" type="62" id="{7c00b86b-88d6-e311-80cc-0050569010ad}" />
      </MissingDependency>
      <MissingDependency>
        <Required key="7" type="1" schemaName="cgi_categorydetail" displayName="Category Detail" solution="Active" />
        <Dependent key="1" type="62" id="{7c00b86b-88d6-e311-80cc-0050569010ad}" />
      </MissingDependency>
      <MissingDependency>
        <Required key="8" type="1" schemaName="cgi_localizedlabel" displayName="Localized Label" solution="Active" />
        <Dependent key="1" type="62" id="{7c00b86b-88d6-e311-80cc-0050569010ad}" />
      </MissingDependency>
      <MissingDependency>
        <Required key="9" type="1" schemaName="cgi_invoicerecipient" displayName="Invoice Recipient" solution="Active" />
        <Dependent key="1" type="62" id="{7c00b86b-88d6-e311-80cc-0050569010ad}" />
      </MissingDependency>
      <MissingDependency>
        <Required key="10" type="1" schemaName="cgi_emailgroup" displayName="Email Group" solution="Active" />
        <Dependent key="1" type="62" id="{7c00b86b-88d6-e311-80cc-0050569010ad}" />
      </MissingDependency>
      <MissingDependency>
        <Required key="11" type="1" schemaName="cgi_travelcardtype" displayName="Travel Card Type" solution="Active" />
        <Dependent key="1" type="62" id="{7c00b86b-88d6-e311-80cc-0050569010ad}" />
      </MissingDependency>
      <MissingDependency>
        <Required key="12" type="1" schemaName="cgi_travelinformation" displayName="Travel Information" solution="Active" />
        <Dependent key="1" type="62" id="{7c00b86b-88d6-e311-80cc-0050569010ad}" />
      </MissingDependency>
      <MissingDependency>
        <Required key="13" type="1" schemaName="cgi_refund" displayName="Refund" solution="Active" />
        <Dependent key="1" type="62" id="{7c00b86b-88d6-e311-80cc-0050569010ad}" />
      </MissingDependency>
      <MissingDependency>
        <Required key="14" type="1" schemaName="cgi_routingaction" displayName="Routing Action" solution="Active" />
        <Dependent key="1" type="62" id="{7c00b86b-88d6-e311-80cc-0050569010ad}" />
      </MissingDependency>
      <MissingDependency>
        <Required key="15" type="1" schemaName="cgi_segment" displayName="Segment" solution="Active" />
        <Dependent key="1" type="62" id="{7c00b86b-88d6-e311-80cc-0050569010ad}" />
      </MissingDependency>
      <MissingDependency>
        <Required key="16" type="1" schemaName="msdyn_postconfig" displayName="Post Configuration" solution="ActivityFeedsCore (6.1.0.581)" />
        <Dependent key="1" type="62" id="{7c00b86b-88d6-e311-80cc-0050569010ad}" />
      </MissingDependency>
      <MissingDependency>
        <Required key="17" type="1" schemaName="cgi_autonumber" displayName="AutoNumber" solution="Active" />
        <Dependent key="1" type="62" id="{7c00b86b-88d6-e311-80cc-0050569010ad}" />
      </MissingDependency>
      <MissingDependency>
        <Required key="18" type="1" schemaName="cgi_applicationlog" displayName="Application Log" solution="Active" />
        <Dependent key="1" type="62" id="{7c00b86b-88d6-e311-80cc-0050569010ad}" />
      </MissingDependency>
      <MissingDependency>
        <Required key="19" type="1" schemaName="cgi_localizationlanguage" displayName="Localization Language" solution="Active" />
        <Dependent key="1" type="62" id="{7c00b86b-88d6-e311-80cc-0050569010ad}" />
      </MissingDependency>
      <MissingDependency>
        <Required key="20" type="1" schemaName="cgi_setting" displayName="Setting" solution="Active" />
        <Dependent key="1" type="62" id="{7c00b86b-88d6-e311-80cc-0050569010ad}" />
      </MissingDependency>
      <MissingDependency>
        <Required key="21" type="1" schemaName="cgi_emailrecipient" displayName="Email Recipient" solution="Active" />
        <Dependent key="1" type="62" id="{7c00b86b-88d6-e311-80cc-0050569010ad}" />
      </MissingDependency>
      <MissingDependency>
        <Required key="22" type="1" schemaName="cgi_refundaccount" displayName="Refund Account" solution="Active" />
        <Dependent key="1" type="62" id="{7c00b86b-88d6-e311-80cc-0050569010ad}" />
      </MissingDependency>
      <MissingDependency>
        <Required key="23" type="1" schemaName="cgi_refundproduct" displayName="Refund Product" solution="Active" />
        <Dependent key="1" type="62" id="{7c00b86b-88d6-e311-80cc-0050569010ad}" />
      </MissingDependency>
      <MissingDependency>
        <Required key="24" type="61" schemaName="crmtools_/CRM.Tools.ODataQueryDesignerPage.html" displayName="crmtools_/CRM.Tools.ODataQueryDesignerPage.html" solution="CRMToolsODataQueryDesigner (1.0.0.5)" />
        <Dependent key="1" type="62" id="{7c00b86b-88d6-e311-80cc-0050569010ad}" />
      </MissingDependency>
    </MissingDependencies>
  </SolutionManifest>
</ImportExportXml>