<ImportExportXml version="6.1.0000.0581" SolutionPackageVersion="6.1" languagecode="1033" generatedBy="OnPremise" xmlns:xsi="http://www.w3.org/2001/XMLSchema-instance">
  <SolutionManifest>
    <UniqueName>SkanetrafikenMyAccount</UniqueName>
    <LocalizedNames>
      <LocalizedName description="Skanetrafiken MyAccount" languagecode="1033" />
    </LocalizedNames>
    <Descriptions>
      <Description description="Export 2016-01-29 Version 1.2.0" languagecode="1033" />
    </Descriptions>
    <Version>1.2.0</Version>
    <Managed>1</Managed>
    <Publisher>
      <UniqueName>cgipublisherforsknetrafiken</UniqueName>
      <LocalizedNames>
        <LocalizedName description="CGI Publisher for Skånetrafiken" languagecode="1033" />
        <LocalizedName description="CGI Publisher för Skånetrafiken" languagecode="1053" />
      </LocalizedNames>
      <Descriptions />
      <EMailAddress xsi:nil="true"></EMailAddress>
      <SupportingWebsiteUrl xsi:nil="true"></SupportingWebsiteUrl>
      <CustomizationPrefix>cgi</CustomizationPrefix>
      <CustomizationOptionValuePrefix>28505</CustomizationOptionValuePrefix>
      <Addresses>
        <Address>
          <AddressNumber>1</AddressNumber>
          <AddressTypeCode>1</AddressTypeCode>
          <City xsi:nil="true"></City>
          <County xsi:nil="true"></County>
          <Country xsi:nil="true"></Country>
          <Fax xsi:nil="true"></Fax>
          <FreightTermsCode xsi:nil="true"></FreightTermsCode>
          <ImportSequenceNumber xsi:nil="true"></ImportSequenceNumber>
          <Latitude xsi:nil="true"></Latitude>
          <Line1 xsi:nil="true"></Line1>
          <Line2 xsi:nil="true"></Line2>
          <Line3 xsi:nil="true"></Line3>
          <Longitude xsi:nil="true"></Longitude>
          <Name xsi:nil="true"></Name>
          <PostalCode xsi:nil="true"></PostalCode>
          <PostOfficeBox xsi:nil="true"></PostOfficeBox>
          <PrimaryContactName xsi:nil="true"></PrimaryContactName>
          <ShippingMethodCode>1</ShippingMethodCode>
          <StateOrProvince xsi:nil="true"></StateOrProvince>
          <Telephone1 xsi:nil="true"></Telephone1>
          <Telephone2 xsi:nil="true"></Telephone2>
          <Telephone3 xsi:nil="true"></Telephone3>
          <TimeZoneRuleVersionNumber xsi:nil="true"></TimeZoneRuleVersionNumber>
          <UPSZone xsi:nil="true"></UPSZone>
          <UTCOffset xsi:nil="true"></UTCOffset>
          <UTCConversionTimeZoneCode xsi:nil="true"></UTCConversionTimeZoneCode>
        </Address>
        <Address>
          <AddressNumber>2</AddressNumber>
          <AddressTypeCode>1</AddressTypeCode>
          <City xsi:nil="true"></City>
          <County xsi:nil="true"></County>
          <Country xsi:nil="true"></Country>
          <Fax xsi:nil="true"></Fax>
          <FreightTermsCode xsi:nil="true"></FreightTermsCode>
          <ImportSequenceNumber xsi:nil="true"></ImportSequenceNumber>
          <Latitude xsi:nil="true"></Latitude>
          <Line1 xsi:nil="true"></Line1>
          <Line2 xsi:nil="true"></Line2>
          <Line3 xsi:nil="true"></Line3>
          <Longitude xsi:nil="true"></Longitude>
          <Name xsi:nil="true"></Name>
          <PostalCode xsi:nil="true"></PostalCode>
          <PostOfficeBox xsi:nil="true"></PostOfficeBox>
          <PrimaryContactName xsi:nil="true"></PrimaryContactName>
          <ShippingMethodCode>1</ShippingMethodCode>
          <StateOrProvince xsi:nil="true"></StateOrProvince>
          <Telephone1 xsi:nil="true"></Telephone1>
          <Telephone2 xsi:nil="true"></Telephone2>
          <Telephone3 xsi:nil="true"></Telephone3>
          <TimeZoneRuleVersionNumber xsi:nil="true"></TimeZoneRuleVersionNumber>
          <UPSZone xsi:nil="true"></UPSZone>
          <UTCOffset xsi:nil="true"></UTCOffset>
          <UTCConversionTimeZoneCode xsi:nil="true"></UTCConversionTimeZoneCode>
        </Address>
      </Addresses>
    </Publisher>
    <RootComponents>
      <RootComponent type="1" schemaName="account" />
      <RootComponent type="1" schemaName="contact" />
    </RootComponents>
    <MissingDependencies>
      <MissingDependency>
        <Required key="0" type="1" schemaName="cgi_travelcard" displayName="Travel Card" solution="Active" />
        <Dependent key="1" type="60" displayName="Account (Skånetrafiken)" parentDisplayName="Account" id="{003f08c2-06d9-494b-926a-42020901c6b2}" />
      </MissingDependency>
      <MissingDependency>
        <Required key="2" type="1" schemaName="cgi_representative" displayName="Representative" solution="Active" />
        <Dependent key="3" type="10" schemaName="cgi_cgi_representative_contact_Representativeid" />
      </MissingDependency>
      <MissingDependency>
        <Required key="0" type="1" schemaName="cgi_travelcard" displayName="Travel Card" solution="Active" />
        <Dependent key="4" type="60" displayName="Contact (Skånetrafiken)" parentDisplayName="Contact" id="{02641b3b-6db0-47a6-921d-987b1e18c523}" />
      </MissingDependency>
      <MissingDependency>
        <Required key="5" type="2" schemaName="cgi_name" displayName="Name" parentSchemaName="cgi_representative" parentDisplayName="Representative" solution="Active" />
        <Dependent key="3" type="10" schemaName="cgi_cgi_representative_contact_Representativeid" />
      </MissingDependency>
      <MissingDependency>
        <Required key="6" type="2" schemaName="cgi_representativeid" displayName="Representative" parentSchemaName="cgi_representative" parentDisplayName="Representative" solution="Active" />
        <Dependent key="3" type="10" schemaName="cgi_cgi_representative_contact_Representativeid" />
      </MissingDependency>
      <MissingDependency>
        <Required key="5" type="2" schemaName="cgi_name" displayName="Name" parentSchemaName="cgi_representative" parentDisplayName="Representative" solution="Active" />
        <Dependent key="3" type="10" schemaName="cgi_cgi_representative_contact_Representativeid" />
      </MissingDependency>
      <MissingDependency>
        <Required key="7" type="10" schemaName="cgi_account_cgi_setting_DefaultCustomerOnCase" solution="Active" />
        <Dependent key="1" type="60" displayName="Account (Skånetrafiken)" parentDisplayName="Account" id="{003f08c2-06d9-494b-926a-42020901c6b2}" />
      </MissingDependency>
      <MissingDependency>
        <Required key="8" type="10" schemaName="cgi_account_cgi_travelcard_Account" solution="Active" />
        <Dependent key="1" type="60" displayName="Account (Skånetrafiken)" parentDisplayName="Account" id="{003f08c2-06d9-494b-926a-42020901c6b2}" />
      </MissingDependency>
      <MissingDependency>
        <Required key="9" type="10" schemaName="cgi_account_incident_Account" solution="Active" />
        <Dependent key="1" type="60" displayName="Account (Skånetrafiken)" parentDisplayName="Account" id="{003f08c2-06d9-494b-926a-42020901c6b2}" />
      </MissingDependency>
      <MissingDependency>
        <Required key="10" type="10" schemaName="cgi_contact_cgi_travelcard_Contactid" solution="Active" />
        <Dependent key="4" type="60" displayName="Contact (Skånetrafiken)" parentDisplayName="Contact" id="{02641b3b-6db0-47a6-921d-987b1e18c523}" />
      </MissingDependency>
      <MissingDependency>
        <Required key="2" type="1" schemaName="cgi_representative" displayName="Representative" solution="Active" />
        <Dependent key="3" type="10" schemaName="cgi_cgi_representative_contact_Representativeid" />
      </MissingDependency>
      <MissingDependency>
        <Required key="11" type="1" schemaName="cgi_segment" displayName="Segment" solution="Active" />
        <Dependent key="12" type="10" schemaName="cgi_cgi_segment_account" />
      </MissingDependency>
      <MissingDependency>
        <Required key="13" type="20" displayName="System Customizer" solution="System" id="{35cdb411-88d6-e311-80cc-0050569010ad}" parentId="{119f245c-3cc8-4b62-b31c-d1a046ced15d}" />
        <Dependent key="14" type="60" displayName="account quick info (Skånetrafiken)" parentDisplayName="Account" id="{9bbf66e6-d903-46db-ac7d-473c0b9184fd}" />
      </MissingDependency>
      <MissingDependency>
        <Required key="15" type="20" displayName="Skånetrafiken Administratör" solution="Active" id="{e3a5ec58-35f5-e311-80ce-0050569010ad}" />
        <Dependent key="1" type="60" displayName="Account (Skånetrafiken)" parentDisplayName="Account" id="{003f08c2-06d9-494b-926a-42020901c6b2}" />
      </MissingDependency>
      <MissingDependency>
        <Required key="16" type="20" displayName="Skånetrafiken Handläggare Serviceresor" solution="Active" id="{2637dbf7-efbc-e411-80d6-0050569010ad}" />
        <Dependent key="1" type="60" displayName="Account (Skånetrafiken)" parentDisplayName="Account" id="{003f08c2-06d9-494b-926a-42020901c6b2}" />
      </MissingDependency>
      <MissingDependency>
        <Required key="17" type="20" displayName="Skånetrafiken Handläggare" solution="Active" id="{7965b234-9e02-e411-80d2-005056902292}" />
        <Dependent key="1" type="60" displayName="Account (Skånetrafiken)" parentDisplayName="Account" id="{003f08c2-06d9-494b-926a-42020901c6b2}" />
      </MissingDependency>
      <MissingDependency>
        <Required key="13" type="20" displayName="System Customizer" solution="System" id="{35cdb411-88d6-e311-80cc-0050569010ad}" parentId="{119f245c-3cc8-4b62-b31c-d1a046ced15d}" />
        <Dependent key="1" type="60" displayName="Account (Skånetrafiken)" parentDisplayName="Account" id="{003f08c2-06d9-494b-926a-42020901c6b2}" />
      </MissingDependency>
      <MissingDependency>
        <Required key="13" type="20" displayName="System Customizer" solution="System" id="{35cdb411-88d6-e311-80cc-0050569010ad}" parentId="{119f245c-3cc8-4b62-b31c-d1a046ced15d}" />
        <Dependent key="18" type="60" displayName="contact quick info (Skånetrafiken)" parentDisplayName="Contact" id="{ff178ac8-ef93-4f38-bdaf-e2e6a807caaa}" />
      </MissingDependency>
      <MissingDependency>
        <Required key="17" type="20" displayName="Skånetrafiken Handläggare" solution="Active" id="{7965b234-9e02-e411-80d2-005056902292}" />
        <Dependent key="4" type="60" displayName="Contact (Skånetrafiken)" parentDisplayName="Contact" id="{02641b3b-6db0-47a6-921d-987b1e18c523}" />
      </MissingDependency>
      <MissingDependency>
        <Required key="16" type="20" displayName="Skånetrafiken Handläggare Serviceresor" solution="Active" id="{2637dbf7-efbc-e411-80d6-0050569010ad}" />
        <Dependent key="4" type="60" displayName="Contact (Skånetrafiken)" parentDisplayName="Contact" id="{02641b3b-6db0-47a6-921d-987b1e18c523}" />
      </MissingDependency>
      <MissingDependency>
        <Required key="15" type="20" displayName="Skånetrafiken Administratör" solution="Active" id="{e3a5ec58-35f5-e311-80ce-0050569010ad}" />
        <Dependent key="4" type="60" displayName="Contact (Skånetrafiken)" parentDisplayName="Contact" id="{02641b3b-6db0-47a6-921d-987b1e18c523}" />
      </MissingDependency>
      <MissingDependency>
        <Required key="13" type="20" displayName="System Customizer" solution="System" id="{35cdb411-88d6-e311-80cc-0050569010ad}" parentId="{119f245c-3cc8-4b62-b31c-d1a046ced15d}" />
        <Dependent key="4" type="60" displayName="Contact (Skånetrafiken)" parentDisplayName="Contact" id="{02641b3b-6db0-47a6-921d-987b1e18c523}" />
      </MissingDependency>
      <MissingDependency>
        <Required key="13" type="20" displayName="System Customizer" solution="System" id="{35cdb411-88d6-e311-80cc-0050569010ad}" parentId="{119f245c-3cc8-4b62-b31c-d1a046ced15d}" />
        <Dependent key="19" type="60" displayName="Account" parentDisplayName="Account" id="{8448b78f-8f42-454e-8e2a-f8196b0419af}" />
      </MissingDependency>
      <MissingDependency>
        <Required key="20" type="26" schemaName="Account Entitlements" displayName="Account Entitlements" parentSchemaName="entitlement" parentDisplayName="Entitlement" solution="ServiceEnhancements610 (1.0)" id="{961bf8aa-042f-4f4d-bcca-935bfc9a6994}" />
        <Dependent key="19" type="60" displayName="Account" parentDisplayName="Account" id="{8448b78f-8f42-454e-8e2a-f8196b0419af}" />
      </MissingDependency>
      <MissingDependency>
        <Required key="21" type="26" schemaName="All Cases for Customer" displayName="All Cases for Customer" parentSchemaName="incident" parentDisplayName="Case" solution="System" id="{00000000-0000-0000-00aa-000010001039}" />
        <Dependent key="19" type="60" displayName="Account" parentDisplayName="Account" id="{8448b78f-8f42-454e-8e2a-f8196b0419af}" />
      </MissingDependency>
      <MissingDependency>
        <Required key="22" type="26" schemaName="My Open Opportunities" displayName="My Open Opportunities" parentSchemaName="opportunity" parentDisplayName="Opportunity" solution="System" id="{00000000-0000-0000-00aa-000010003000}" />
        <Dependent key="19" type="60" displayName="Account" parentDisplayName="Account" id="{8448b78f-8f42-454e-8e2a-f8196b0419af}" />
      </MissingDependency>
      <MissingDependency>
        <Required key="23" type="26" schemaName="Recent Opportunities" displayName="Recent Opportunities" parentSchemaName="opportunity" parentDisplayName="Opportunity" solution="System" id="{9c3f7ee8-eca7-e211-9fb6-00155dd0ea05}" />
        <Dependent key="19" type="60" displayName="Account" parentDisplayName="Account" id="{8448b78f-8f42-454e-8e2a-f8196b0419af}" />
      </MissingDependency>
      <MissingDependency>
        <Required key="24" type="26" schemaName="Contact Entitlements" displayName="Contact Entitlements" parentSchemaName="entitlement" parentDisplayName="Entitlement" solution="ServiceEnhancements610 (1.0)" id="{d227ed1d-362f-4ab5-8125-684d5f52caeb}" />
        <Dependent key="25" type="60" displayName="contact card" parentDisplayName="Contact" id="{707fc57b-c5e6-471b-a180-e37ed28a38e2}" />
      </MissingDependency>
      <MissingDependency>
        <Required key="26" type="26" schemaName="Active Travel Cards" displayName="Active Travel Cards" parentSchemaName="cgi_travelcard" parentDisplayName="Travel Card" solution="Active" id="{98e34640-c322-4ea1-8083-83eabdbe3920}" />
        <Dependent key="4" type="60" displayName="Contact (Skånetrafiken)" parentDisplayName="Contact" id="{02641b3b-6db0-47a6-921d-987b1e18c523}" />
      </MissingDependency>
      <MissingDependency>
        <Required key="27" type="26" schemaName="Active Cases" displayName="Active Cases" parentSchemaName="incident" parentDisplayName="Case" solution="System" id="{00000000-0000-0000-00aa-000010001032}" />
        <Dependent key="4" type="60" displayName="Contact (Skånetrafiken)" parentDisplayName="Contact" id="{02641b3b-6db0-47a6-921d-987b1e18c523}" />
      </MissingDependency>
      <MissingDependency>
        <Required key="28" type="26" schemaName="Resolved Cases last 10 days" displayName="Resolved Cases last 10 days" parentSchemaName="incident" parentDisplayName="Case" solution="Active" id="{ef8f0927-c0fe-e411-80db-0050569010ad}" />
        <Dependent key="4" type="60" displayName="Contact (Skånetrafiken)" parentDisplayName="Contact" id="{02641b3b-6db0-47a6-921d-987b1e18c523}" />
      </MissingDependency>
      <MissingDependency>
        <Required key="26" type="26" schemaName="Active Travel Cards" displayName="Active Travel Cards" parentSchemaName="cgi_travelcard" parentDisplayName="Travel Card" solution="Active" id="{98e34640-c322-4ea1-8083-83eabdbe3920}" />
        <Dependent key="1" type="60" displayName="Account (Skånetrafiken)" parentDisplayName="Account" id="{003f08c2-06d9-494b-926a-42020901c6b2}" />
      </MissingDependency>
      <MissingDependency>
        <Required key="29" type="26" schemaName="Active Services" displayName="Active Services" parentSchemaName="service" parentDisplayName="Service" solution="System" id="{2bd4de5e-a7b4-4f5d-8fde-eb3b62d8e2b2}" />
        <Dependent key="30" type="60" displayName="Information" parentDisplayName="Account" id="{b053a39a-041a-4356-acef-ddf00182762b}" />
      </MissingDependency>
      <MissingDependency>
        <Required key="27" type="26" schemaName="Active Cases" displayName="Active Cases" parentSchemaName="incident" parentDisplayName="Case" solution="System" id="{00000000-0000-0000-00aa-000010001032}" />
        <Dependent key="1" type="60" displayName="Account (Skånetrafiken)" parentDisplayName="Account" id="{003f08c2-06d9-494b-926a-42020901c6b2}" />
      </MissingDependency>
      <MissingDependency>
        <Required key="31" type="26" schemaName="My Active Cases" displayName="My Active Cases" parentSchemaName="incident" parentDisplayName="Case" solution="System" id="{00000000-0000-0000-00aa-000010001028}" />
        <Dependent key="1" type="60" displayName="Account (Skånetrafiken)" parentDisplayName="Account" id="{003f08c2-06d9-494b-926a-42020901c6b2}" />
      </MissingDependency>
      <MissingDependency>
        <Required key="32" type="26" schemaName="All Customer Addresses" displayName="All Customer Addresses" parentSchemaName="customeraddress" parentDisplayName="Address" solution="System" id="{98f8a370-a3cc-4181-986a-75d2d5fc71ba}" />
        <Dependent key="1" type="60" displayName="Account (Skånetrafiken)" parentDisplayName="Account" id="{003f08c2-06d9-494b-926a-42020901c6b2}" />
      </MissingDependency>
      <MissingDependency>
        <Required key="20" type="26" schemaName="Account Entitlements" displayName="Account Entitlements" parentSchemaName="entitlement" parentDisplayName="Entitlement" solution="ServiceEnhancements610 (1.0)" id="{961bf8aa-042f-4f4d-bcca-935bfc9a6994}" />
        <Dependent key="33" type="60" displayName="account card" parentDisplayName="Account" id="{b028db32-3619-48a5-ac51-cf3f947b0ef3}" />
      </MissingDependency>
      <MissingDependency>
        <Required key="34" type="26" schemaName="Open Activities" displayName="Open Activities" parentSchemaName="activitypointer" parentDisplayName="Activity" solution="System" id="{00000000-0000-0000-00aa-000010001900}" />
        <Dependent key="30" type="60" displayName="Information" parentDisplayName="Account" id="{b053a39a-041a-4356-acef-ddf00182762b}" />
      </MissingDependency>
      <MissingDependency>
        <Required key="24" type="26" schemaName="Contact Entitlements" displayName="Contact Entitlements" parentSchemaName="entitlement" parentDisplayName="Entitlement" solution="ServiceEnhancements610 (1.0)" id="{d227ed1d-362f-4ab5-8125-684d5f52caeb}" />
        <Dependent key="35" type="60" displayName="Contact" parentDisplayName="Contact" id="{1fed44d1-ae68-4a41-bd2b-f13acac4acfa}" />
      </MissingDependency>
      <MissingDependency>
        <Required key="21" type="26" schemaName="All Cases for Customer" displayName="All Cases for Customer" parentSchemaName="incident" parentDisplayName="Case" solution="System" id="{00000000-0000-0000-00aa-000010001039}" />
        <Dependent key="25" type="60" displayName="contact card" parentDisplayName="Contact" id="{707fc57b-c5e6-471b-a180-e37ed28a38e2}" />
      </MissingDependency>
      <MissingDependency>
        <Required key="31" type="26" schemaName="My Active Cases" displayName="My Active Cases" parentSchemaName="incident" parentDisplayName="Case" solution="System" id="{00000000-0000-0000-00aa-000010001028}" />
        <Dependent key="35" type="60" displayName="Contact" parentDisplayName="Contact" id="{1fed44d1-ae68-4a41-bd2b-f13acac4acfa}" />
      </MissingDependency>
      <MissingDependency>
        <Required key="22" type="26" schemaName="My Open Opportunities" displayName="My Open Opportunities" parentSchemaName="opportunity" parentDisplayName="Opportunity" solution="System" id="{00000000-0000-0000-00aa-000010003000}" />
        <Dependent key="35" type="60" displayName="Contact" parentDisplayName="Contact" id="{1fed44d1-ae68-4a41-bd2b-f13acac4acfa}" />
      </MissingDependency>
      <MissingDependency>
        <Required key="36" type="26" schemaName="Recent Cases" displayName="Recent Cases" parentSchemaName="incident" parentDisplayName="Case" solution="System" id="{ebd1d24a-eea7-e211-9fb6-00155dd0ea05}" />
        <Dependent key="35" type="60" displayName="Contact" parentDisplayName="Contact" id="{1fed44d1-ae68-4a41-bd2b-f13acac4acfa}" />
      </MissingDependency>
      <MissingDependency>
        <Required key="23" type="26" schemaName="Recent Opportunities" displayName="Recent Opportunities" parentSchemaName="opportunity" parentDisplayName="Opportunity" solution="System" id="{9c3f7ee8-eca7-e211-9fb6-00155dd0ea05}" />
        <Dependent key="35" type="60" displayName="Contact" parentDisplayName="Contact" id="{1fed44d1-ae68-4a41-bd2b-f13acac4acfa}" />
      </MissingDependency>
      <MissingDependency>
        <Required key="21" type="26" schemaName="All Cases for Customer" displayName="All Cases for Customer" parentSchemaName="incident" parentDisplayName="Case" solution="System" id="{00000000-0000-0000-00aa-000010001039}" />
        <Dependent key="33" type="60" displayName="account card" parentDisplayName="Account" id="{b028db32-3619-48a5-ac51-cf3f947b0ef3}" />
      </MissingDependency>
      <MissingDependency>
        <Required key="29" type="26" schemaName="Active Services" displayName="Active Services" parentSchemaName="service" parentDisplayName="Service" solution="System" id="{2bd4de5e-a7b4-4f5d-8fde-eb3b62d8e2b2}" />
        <Dependent key="37" type="60" displayName="Information" parentDisplayName="Contact" id="{894cc46a-b0cb-4ab0-8bf6-200544e46a2d}" />
      </MissingDependency>
      <MissingDependency>
        <Required key="34" type="26" schemaName="Open Activities" displayName="Open Activities" parentSchemaName="activitypointer" parentDisplayName="Activity" solution="System" id="{00000000-0000-0000-00aa-000010001900}" />
        <Dependent key="37" type="60" displayName="Information" parentDisplayName="Contact" id="{894cc46a-b0cb-4ab0-8bf6-200544e46a2d}" />
      </MissingDependency>
      <MissingDependency>
        <Required key="38" type="59" schemaName="Top Customers" displayName="Top Customers" parentSchemaName="opportunity" parentDisplayName="Opportunity" solution="System" id="{8bc5fb18-48f2-4782-9e16-3d452fa4ddce}" />
        <Dependent key="35" type="60" displayName="Contact" parentDisplayName="Contact" id="{1fed44d1-ae68-4a41-bd2b-f13acac4acfa}" />
      </MissingDependency>
      <MissingDependency>
        <Required key="39" type="59" schemaName="Case Mix (By Business Unit)" displayName="Case Mix (By Business Unit)" parentSchemaName="incident" parentDisplayName="Case" solution="System" id="{f10375a6-4893-de11-97d4-00155da3b01e}" />
        <Dependent key="35" type="60" displayName="Contact" parentDisplayName="Contact" id="{1fed44d1-ae68-4a41-bd2b-f13acac4acfa}" />
      </MissingDependency>
      <MissingDependency>
        <Required key="40" type="59" schemaName="Active Case by Agent" displayName="Active Case by Agent" parentSchemaName="incident" parentDisplayName="Case" solution="ServiceEnhancements610 (1.0)" id="{4143b74e-4a07-4d01-9ffe-2cdcaa4208fd}" />
        <Dependent key="1" type="60" displayName="Account (Skånetrafiken)" parentDisplayName="Account" id="{003f08c2-06d9-494b-926a-42020901c6b2}" />
      </MissingDependency>
      <MissingDependency>
        <Required key="40" type="59" schemaName="Active Case by Agent" displayName="Active Case by Agent" parentSchemaName="incident" parentDisplayName="Case" solution="ServiceEnhancements610 (1.0)" id="{4143b74e-4a07-4d01-9ffe-2cdcaa4208fd}" />
        <Dependent key="4" type="60" displayName="Contact (Skånetrafiken)" parentDisplayName="Contact" id="{02641b3b-6db0-47a6-921d-987b1e18c523}" />
      </MissingDependency>
      <MissingDependency>
        <Required key="38" type="59" schemaName="Top Customers" displayName="Top Customers" parentSchemaName="opportunity" parentDisplayName="Opportunity" solution="System" id="{8bc5fb18-48f2-4782-9e16-3d452fa4ddce}" />
        <Dependent key="19" type="60" displayName="Account" parentDisplayName="Account" id="{8448b78f-8f42-454e-8e2a-f8196b0419af}" />
      </MissingDependency>
      <MissingDependency>
        <Required key="41" type="61" schemaName="cgi_/scripts/accountLibrary.js" displayName="cgi_/scripts/accountLibrary.js" solution="Active" />
        <Dependent key="42" type="60" displayName="Account Quick Create" parentDisplayName="Account" id="{c9e7ec2d-efca-4e4c-b3e3-f63c4bba5e4b}" />
      </MissingDependency>
      <MissingDependency>
        <Required key="43" type="61" schemaName="cgi_/scripts/SDK.REST.js" displayName="cgi_/scripts/SDK.REST.js" solution="Active" />
        <Dependent key="4" type="60" displayName="Contact (Skånetrafiken)" parentDisplayName="Contact" id="{02641b3b-6db0-47a6-921d-987b1e18c523}" />
      </MissingDependency>
      <MissingDependency>
        <Required key="44" type="61" schemaName="cgi_/scripts/json2.js" displayName="cgi_/scripts/json2.js" solution="Active" />
        <Dependent key="4" type="60" displayName="Contact (Skånetrafiken)" parentDisplayName="Contact" id="{02641b3b-6db0-47a6-921d-987b1e18c523}" />
      </MissingDependency>
      <MissingDependency>
        <Required key="45" type="61" schemaName="cgi_/CRM.GetOrdersTestPage.html" displayName="cgi_/CRM.GetOrdersTestPage.html" solution="Active" />
        <Dependent key="4" type="60" displayName="Contact (Skånetrafiken)" parentDisplayName="Contact" id="{02641b3b-6db0-47a6-921d-987b1e18c523}" />
      </MissingDependency>
      <MissingDependency>
        <Required key="46" type="61" schemaName="cgi_/scripts/formscriptfunctions.js" displayName="cgi_/scripts/formscriptfunctions.js" solution="Active" />
        <Dependent key="4" type="60" displayName="Contact (Skånetrafiken)" parentDisplayName="Contact" id="{02641b3b-6db0-47a6-921d-987b1e18c523}" />
      </MissingDependency>
      <MissingDependency>
        <Required key="47" type="61" schemaName="cgi_/scripts/contactLibrary.js" displayName="cgi_/scripts/contactLibrary.js" solution="Active" />
        <Dependent key="4" type="60" displayName="Contact (Skånetrafiken)" parentDisplayName="Contact" id="{02641b3b-6db0-47a6-921d-987b1e18c523}" />
      </MissingDependency>
      <MissingDependency>
        <Required key="48" type="61" schemaName="cgi_/scripts/OData_Querys.js" displayName="cgi_/scripts/OData_Querys.js" solution="Active" />
        <Dependent key="4" type="60" displayName="Contact (Skånetrafiken)" parentDisplayName="Contact" id="{02641b3b-6db0-47a6-921d-987b1e18c523}" />
      </MissingDependency>
      <MissingDependency>
        <Required key="46" type="61" schemaName="cgi_/scripts/formscriptfunctions.js" displayName="cgi_/scripts/formscriptfunctions.js" solution="Active" />
        <Dependent key="1" type="60" displayName="Account (Skånetrafiken)" parentDisplayName="Account" id="{003f08c2-06d9-494b-926a-42020901c6b2}" />
      </MissingDependency>
      <MissingDependency>
        <Required key="45" type="61" schemaName="cgi_/CRM.GetOrdersTestPage.html" displayName="cgi_/CRM.GetOrdersTestPage.html" solution="Active" />
        <Dependent key="1" type="60" displayName="Account (Skånetrafiken)" parentDisplayName="Account" id="{003f08c2-06d9-494b-926a-42020901c6b2}" />
      </MissingDependency>
      <MissingDependency>
        <Required key="41" type="61" schemaName="cgi_/scripts/accountLibrary.js" displayName="cgi_/scripts/accountLibrary.js" solution="Active" />
        <Dependent key="1" type="60" displayName="Account (Skånetrafiken)" parentDisplayName="Account" id="{003f08c2-06d9-494b-926a-42020901c6b2}" />
      </MissingDependency>
      <MissingDependency>
        <Required key="43" type="61" schemaName="cgi_/scripts/SDK.REST.js" displayName="cgi_/scripts/SDK.REST.js" solution="Active" />
        <Dependent key="1" type="60" displayName="Account (Skånetrafiken)" parentDisplayName="Account" id="{003f08c2-06d9-494b-926a-42020901c6b2}" />
      </MissingDependency>
      <MissingDependency>
        <Required key="48" type="61" schemaName="cgi_/scripts/OData_Querys.js" displayName="cgi_/scripts/OData_Querys.js" solution="Active" />
        <Dependent key="1" type="60" displayName="Account (Skånetrafiken)" parentDisplayName="Account" id="{003f08c2-06d9-494b-926a-42020901c6b2}" />
      </MissingDependency>
      <MissingDependency>
        <Required key="44" type="61" schemaName="cgi_/scripts/json2.js" displayName="cgi_/scripts/json2.js" solution="Active" />
        <Dependent key="1" type="60" displayName="Account (Skånetrafiken)" parentDisplayName="Account" id="{003f08c2-06d9-494b-926a-42020901c6b2}" />
      </MissingDependency>
      <MissingDependency>
        <Required key="49" type="61" schemaName="msdyn_/RecordWall.htm" displayName="msdyn_/RecordWall.htm" solution="ActivityFeedsCore (6.1.0.581)" />
        <Dependent key="30" type="60" displayName="Information" parentDisplayName="Account" id="{b053a39a-041a-4356-acef-ddf00182762b}" />
      </MissingDependency>
      <MissingDependency>
        <Required key="50" type="61" schemaName="Account_main_system_library.js" displayName="Account_main_system_library.js" solution="System" />
        <Dependent key="30" type="60" displayName="Information" parentDisplayName="Account" id="{b053a39a-041a-4356-acef-ddf00182762b}" />
      </MissingDependency>
      <MissingDependency>
        <Required key="50" type="61" schemaName="Account_main_system_library.js" displayName="Account_main_system_library.js" solution="System" />
        <Dependent key="1" type="60" displayName="Account (Skånetrafiken)" parentDisplayName="Account" id="{003f08c2-06d9-494b-926a-42020901c6b2}" />
      </MissingDependency>
      <MissingDependency>
        <Required key="51" type="61" schemaName="msdyn_/ActivityFeeds.Form.js" displayName="msdyn_/ActivityFeeds.Form.js" solution="ActivityFeedsCore (6.1.0.581)" />
        <Dependent key="30" type="60" displayName="Information" parentDisplayName="Account" id="{b053a39a-041a-4356-acef-ddf00182762b}" />
      </MissingDependency>
      <MissingDependency>
        <Required key="52" type="61" schemaName="Contact_main_system_library.js" displayName="Contact_main_system_library.js" solution="System" />
        <Dependent key="35" type="60" displayName="Contact" parentDisplayName="Contact" id="{1fed44d1-ae68-4a41-bd2b-f13acac4acfa}" />
      </MissingDependency>
      <MissingDependency>
        <Required key="47" type="61" schemaName="cgi_/scripts/contactLibrary.js" displayName="cgi_/scripts/contactLibrary.js" solution="Active" />
        <Dependent key="53" type="60" displayName="Contact Quick Create" parentDisplayName="Contact" id="{661157fe-2fc9-4eaa-835f-5bfa2f7b64f7}" />
      </MissingDependency>
      <MissingDependency>
        <Required key="46" type="61" schemaName="cgi_/scripts/formscriptfunctions.js" displayName="cgi_/scripts/formscriptfunctions.js" solution="Active" />
        <Dependent key="53" type="60" displayName="Contact Quick Create" parentDisplayName="Contact" id="{661157fe-2fc9-4eaa-835f-5bfa2f7b64f7}" />
      </MissingDependency>
      <MissingDependency>
        <Required key="51" type="61" schemaName="msdyn_/ActivityFeeds.Form.js" displayName="msdyn_/ActivityFeeds.Form.js" solution="ActivityFeedsCore (6.1.0.581)" />
        <Dependent key="37" type="60" displayName="Information" parentDisplayName="Contact" id="{894cc46a-b0cb-4ab0-8bf6-200544e46a2d}" />
      </MissingDependency>
      <MissingDependency>
        <Required key="52" type="61" schemaName="Contact_main_system_library.js" displayName="Contact_main_system_library.js" solution="System" />
        <Dependent key="37" type="60" displayName="Information" parentDisplayName="Contact" id="{894cc46a-b0cb-4ab0-8bf6-200544e46a2d}" />
      </MissingDependency>
      <MissingDependency>
        <Required key="49" type="61" schemaName="msdyn_/RecordWall.htm" displayName="msdyn_/RecordWall.htm" solution="ActivityFeedsCore (6.1.0.581)" />
        <Dependent key="37" type="60" displayName="Information" parentDisplayName="Contact" id="{894cc46a-b0cb-4ab0-8bf6-200544e46a2d}" />
      </MissingDependency>
    </MissingDependencies>
  </SolutionManifest>
</ImportExportXml>