<ImportExportXml xmlns:xsi="http://www.w3.org/2001/XMLSchema-instance">
  <Entities></Entities>
  <Roles></Roles>
  <Workflows></Workflows>
  <FieldSecurityProfiles></FieldSecurityProfiles>
  <Templates />
  <EntityMaps />
  <EntityRelationships />
  <OrganizationSettings />
  <optionsets />
  <WebResources>
    <WebResource>
      <WebResourceId>{4df80c4b-e4b8-e311-93f3-00155d0d0417}</WebResourceId>
      <Name>cgi_/scripts/OData_Querys.js</Name>
      <DisplayName>Common OData Querys</DisplayName>
      <WebResourceType>3</WebResourceType>
      <IntroducedVersion>1.0.1</IntroducedVersion>
      <IsCustomizable>1</IsCustomizable>
      <CanBeDeleted>1</CanBeDeleted>
      <IsHidden>0</IsHidden>
      <FileName>/WebResources/cgi_scriptsOData_Querysjs4DF80C4B-E4B8-E311-93F3-00155D0D0417</FileName>
    </WebResource>
    <WebResource>
      <WebResourceId>{d24792ef-5cba-e311-93f3-00155d0d0417}</WebResourceId>
      <Name>cgi_/scripts/incidentRibbon.js</Name>
      <DisplayName>Case Ribbon Library</DisplayName>
      <WebResourceType>3</WebResourceType>
      <IntroducedVersion>1.0.2</IntroducedVersion>
      <IsCustomizable>1</IsCustomizable>
      <CanBeDeleted>1</CanBeDeleted>
      <IsHidden>0</IsHidden>
      <FileName>/WebResources/cgi_scriptsincidentRibbonjsD24792EF-5CBA-E311-93F3-00155D0D0417</FileName>
    </WebResource>
  </WebResources>
  <Languages>
    <Language>1033</Language>
    <Language>1053</Language>
  </Languages>
</ImportExportXml>