<ImportExportXml version="6.1.0000.0581" SolutionPackageVersion="6.1" languagecode="1033" generatedBy="OnPremise" xmlns:xsi="http://www.w3.org/2001/XMLSchema-instance">
  <SolutionManifest>
    <UniqueName>Skanetrafiken</UniqueName>
    <LocalizedNames>
      <LocalizedName description="Skanetrafiken" languagecode="1033" />
      <LocalizedName description="Skånetrafiken" languagecode="1053" />
    </LocalizedNames>
    <Descriptions>
      <Description description="Skånetrafikens Digitala Kundmöte levererat av CGI:  Version 1.0.159- Export 2015-09-15 Version 1.0.160 - Export 2015-09-15 Version 1.0.161 - Export 2015-09-15 Version 1.0.163 - Export 2015-09-17 Version 1.0.164 - Export 2015-09-17 Version 1.0.165 - Export 2015-09-18 Version 1.0.166 - Export 2015-09-18 Version 1.0.167- Export 2015-09-18 Version 1.0.168- Export 2015-09-18 Version 1.0.169- Export 2015-09-18 Version 1.0.170-Export 2015-09-18 Version 1.0.171 - 150923 1.0.172- Export 2015-09-23Version 1.0.174 - Export 2015-09-23 Version 1.0.175 - Export 2015-09-29 Version 1.0.176 - Export 2015-10-14 Version 1.0.183" languagecode="1033" />
      <Description description="Skånetrafikens Digitala Kundmöte levererat av CGI." languagecode="1053" />
    </Descriptions>
    <Version>1.0.183</Version>
    <Managed>1</Managed>
    <Publisher>
      <UniqueName>cgipublisherforsknetrafiken</UniqueName>
      <LocalizedNames>
        <LocalizedName description="CGI Publisher for Skånetrafiken" languagecode="1033" />
        <LocalizedName description="CGI Publisher för Skånetrafiken" languagecode="1053" />
      </LocalizedNames>
      <Descriptions />
      <EMailAddress xsi:nil="true"></EMailAddress>
      <SupportingWebsiteUrl xsi:nil="true"></SupportingWebsiteUrl>
      <CustomizationPrefix>cgi</CustomizationPrefix>
      <CustomizationOptionValuePrefix>28505</CustomizationOptionValuePrefix>
      <Addresses>
        <Address>
          <AddressNumber>1</AddressNumber>
          <AddressTypeCode>1</AddressTypeCode>
          <City xsi:nil="true"></City>
          <County xsi:nil="true"></County>
          <Country xsi:nil="true"></Country>
          <Fax xsi:nil="true"></Fax>
          <FreightTermsCode xsi:nil="true"></FreightTermsCode>
          <ImportSequenceNumber xsi:nil="true"></ImportSequenceNumber>
          <Latitude xsi:nil="true"></Latitude>
          <Line1 xsi:nil="true"></Line1>
          <Line2 xsi:nil="true"></Line2>
          <Line3 xsi:nil="true"></Line3>
          <Longitude xsi:nil="true"></Longitude>
          <Name xsi:nil="true"></Name>
          <PostalCode xsi:nil="true"></PostalCode>
          <PostOfficeBox xsi:nil="true"></PostOfficeBox>
          <PrimaryContactName xsi:nil="true"></PrimaryContactName>
          <ShippingMethodCode>1</ShippingMethodCode>
          <StateOrProvince xsi:nil="true"></StateOrProvince>
          <Telephone1 xsi:nil="true"></Telephone1>
          <Telephone2 xsi:nil="true"></Telephone2>
          <Telephone3 xsi:nil="true"></Telephone3>
          <TimeZoneRuleVersionNumber xsi:nil="true"></TimeZoneRuleVersionNumber>
          <UPSZone xsi:nil="true"></UPSZone>
          <UTCOffset xsi:nil="true"></UTCOffset>
          <UTCConversionTimeZoneCode xsi:nil="true"></UTCConversionTimeZoneCode>
        </Address>
        <Address>
          <AddressNumber>2</AddressNumber>
          <AddressTypeCode>1</AddressTypeCode>
          <City xsi:nil="true"></City>
          <County xsi:nil="true"></County>
          <Country xsi:nil="true"></Country>
          <Fax xsi:nil="true"></Fax>
          <FreightTermsCode xsi:nil="true"></FreightTermsCode>
          <ImportSequenceNumber xsi:nil="true"></ImportSequenceNumber>
          <Latitude xsi:nil="true"></Latitude>
          <Line1 xsi:nil="true"></Line1>
          <Line2 xsi:nil="true"></Line2>
          <Line3 xsi:nil="true"></Line3>
          <Longitude xsi:nil="true"></Longitude>
          <Name xsi:nil="true"></Name>
          <PostalCode xsi:nil="true"></PostalCode>
          <PostOfficeBox xsi:nil="true"></PostOfficeBox>
          <PrimaryContactName xsi:nil="true"></PrimaryContactName>
          <ShippingMethodCode>1</ShippingMethodCode>
          <StateOrProvince xsi:nil="true"></StateOrProvince>
          <Telephone1 xsi:nil="true"></Telephone1>
          <Telephone2 xsi:nil="true"></Telephone2>
          <Telephone3 xsi:nil="true"></Telephone3>
          <TimeZoneRuleVersionNumber xsi:nil="true"></TimeZoneRuleVersionNumber>
          <UPSZone xsi:nil="true"></UPSZone>
          <UTCOffset xsi:nil="true"></UTCOffset>
          <UTCConversionTimeZoneCode xsi:nil="true"></UTCConversionTimeZoneCode>
        </Address>
      </Addresses>
    </Publisher>
    <RootComponents>
      <RootComponent type="1" schemaName="account" />
      <RootComponent type="1" schemaName="activitypointer" />
      <RootComponent type="1" schemaName="campaign" />
      <RootComponent type="1" schemaName="campaignactivity" />
      <RootComponent type="1" schemaName="campaignresponse" />
      <RootComponent type="1" schemaName="cgi_amounttranslation" />
      <RootComponent type="1" schemaName="cgi_applicationlog" />
      <RootComponent type="1" schemaName="cgi_autonumber" />
      <RootComponent type="1" schemaName="cgi_bank" />
      <RootComponent type="1" schemaName="cgi_callguidechat" />
      <RootComponent type="1" schemaName="cgi_callguidefacebook" />
      <RootComponent type="1" schemaName="cgi_callguideinfo" />
      <RootComponent type="1" schemaName="cgi_casecategory" />
      <RootComponent type="1" schemaName="cgi_categorydetail" />
      <RootComponent type="1" schemaName="cgi_creditorderrow" />
      <RootComponent type="1" schemaName="cgi_emailgroup" />
      <RootComponent type="1" schemaName="cgi_emailrecipient" />
      <RootComponent type="1" schemaName="cgi_invoicerecipient" />
      <RootComponent type="1" schemaName="cgi_letter_template" />
      <RootComponent type="1" schemaName="cgi_localizationlanguage" />
      <RootComponent type="1" schemaName="cgi_localizedlabel" />
      <RootComponent type="1" schemaName="cgi_localizedlabelgroup" />
      <RootComponent type="1" schemaName="cgi_passtravelinformation" />
      <RootComponent type="1" schemaName="cgi_refund" />
      <RootComponent type="1" schemaName="cgi_refundaccount" />
      <RootComponent type="1" schemaName="cgi_refundproduct" />
      <RootComponent type="1" schemaName="cgi_refundresponsible" />
      <RootComponent type="1" schemaName="cgi_refundtype" />
      <RootComponent type="1" schemaName="cgi_reimbursementform" />
      <RootComponent type="1" schemaName="cgi_representative" />
      <RootComponent type="1" schemaName="cgi_rgolsetting" />
      <RootComponent type="1" schemaName="cgi_routingaction" />
      <RootComponent type="1" schemaName="cgi_segment" />
      <RootComponent type="1" schemaName="cgi_setting" />
      <RootComponent type="1" schemaName="cgi_transportcompany" />
      <RootComponent type="1" schemaName="cgi_travelcard" />
      <RootComponent type="1" schemaName="cgi_travelcardtransaction" />
      <RootComponent type="1" schemaName="cgi_travelcardtype" />
      <RootComponent type="1" schemaName="cgi_travelinformation" />
      <RootComponent type="1" schemaName="cgi_zonename" />
      <RootComponent type="1" schemaName="competitor" />
      <RootComponent type="1" schemaName="contact" />
      <RootComponent type="1" schemaName="contract" />
      <RootComponent type="1" schemaName="contractdetail" />
      <RootComponent type="1" schemaName="customeraddress" />
      <RootComponent type="1" schemaName="email" />
      <RootComponent type="1" schemaName="incident" />
      <RootComponent type="1" schemaName="incidentresolution" />
      <RootComponent type="1" schemaName="kbarticle" />
      <RootComponent type="1" schemaName="lead" />
      <RootComponent type="1" schemaName="letter" />
      <RootComponent type="1" schemaName="opportunity" />
      <RootComponent type="1" schemaName="opportunityproduct" />
      <RootComponent type="1" schemaName="phonecall" />
      <RootComponent type="1" schemaName="queue" />
      <RootComponent type="1" schemaName="queueitem" />
      <RootComponent type="1" schemaName="quote" />
      <RootComponent type="1" schemaName="service" />
      <RootComponent type="1" schemaName="systemuser" />
      <RootComponent type="1" schemaName="team" />
      <RootComponent type="1" schemaName="template" />
      <RootComponent type="1" schemaName="transactioncurrency" />
      <RootComponent type="1" schemaName="workflow" />
      <RootComponent type="9" schemaName="cgi_color" />
      <RootComponent type="9" schemaName="cgi_sendtoteam" />
      <RootComponent type="9" schemaName="cgi_status" />
      <RootComponent type="9" schemaName="incident_caseorigincode" />
      <RootComponent type="20" id="{3aebac7e-83d7-e411-80da-0050569010ad}" />
      <RootComponent type="29" id="{02bfaae7-dccb-4e38-846d-8b02c4a9654e}" />
      <RootComponent type="29" id="{0bcda462-0cdd-4931-8b8d-31a351c571b7}" />
      <RootComponent type="29" id="{3b76fea2-a083-4a9a-b7a6-34b15e8aa3cf}" />
      <RootComponent type="29" id="{5da60fdc-e50c-4d4c-afc3-d76f03f8ba90}" />
      <RootComponent type="29" id="{75f99708-e52a-4589-a4a7-554975e8bf17}" />
      <RootComponent type="29" id="{b275530a-aa12-4cf3-a9f2-3c637115bcf5}" />
      <RootComponent type="29" id="{c7f21dfc-5075-4eef-a2e4-6078ce648a99}" />
      <RootComponent type="29" id="{d81d3478-54d9-4ff8-a996-dc7796badfed}" />
      <RootComponent type="29" id="{f2b0caf3-83c4-489c-94c6-8206fd6b5c63}" />
      <RootComponent type="29" id="{fb722728-88f0-4058-8850-725d8956456a}" />
      <RootComponent type="29" id="{fbb58473-755e-4ec0-b561-064d454765d9}" />
      <RootComponent type="31" id="{00abb26e-7725-e511-80dd-0050569010ad}" />
      <RootComponent type="31" id="{011dcd8e-3014-e511-80dc-0050569010ad}" />
      <RootComponent type="31" id="{0960096b-e61f-e511-80dd-0050569010ad}" />
      <RootComponent type="31" id="{0aedde26-f809-e511-80dc-0050569010ad}" />
      <RootComponent type="31" id="{14ccb021-e409-e511-80dc-0050569010ad}" />
      <RootComponent type="31" id="{28eb7271-e409-e511-80dc-0050569010ad}" />
      <RootComponent type="31" id="{4a3d9fe3-f509-e511-80dc-0050569010ad}" />
      <RootComponent type="31" id="{5774e9c8-d2d6-e411-80da-0050569010ad}" />
      <RootComponent type="31" id="{59353e56-a20e-e511-80dc-0050569010ad}" />
      <RootComponent type="31" id="{638a2202-7525-e511-80dd-0050569010ad}" />
      <RootComponent type="31" id="{670fd8d3-f809-e511-80dc-0050569010ad}" />
      <RootComponent type="31" id="{7233b8cb-f709-e511-80dc-0050569010ad}" />
      <RootComponent type="31" id="{7db71a0d-f809-e511-80dc-0050569010ad}" />
      <RootComponent type="31" id="{801dc1e3-640f-e511-80dc-0050569010ad}" />
      <RootComponent type="31" id="{8a3e7a71-6504-e511-80dc-0050569010ad}" />
      <RootComponent type="31" id="{8bcffc5c-2814-e511-80dc-0050569010ad}" />
      <RootComponent type="31" id="{8d55757f-d014-e511-80dc-0050569010ad}" />
      <RootComponent type="31" id="{925b5ba5-2a14-e511-80dc-0050569010ad}" />
      <RootComponent type="31" id="{955217ab-d2d6-e411-80da-0050569010ad}" />
      <RootComponent type="31" id="{b073f6c2-f71f-e511-80dd-0050569010ad}" />
      <RootComponent type="31" id="{b5bb747f-7625-e511-80dd-0050569010ad}" />
      <RootComponent type="31" id="{c69a0ab3-6808-e511-80dc-0050569010ad}" />
      <RootComponent type="31" id="{d7b55da6-3014-e511-80dc-0050569010ad}" />
      <RootComponent type="31" id="{d837f1f3-3226-e511-80dd-0050569010ad}" />
      <RootComponent type="31" id="{f4f2aff7-f809-e511-80dc-0050569010ad}" />
      <RootComponent type="31" id="{f80c3e1c-780f-e511-80dc-0050569010ad}" />
      <RootComponent type="31" id="{f95d4966-2a14-e511-80dc-0050569010ad}" />
      <RootComponent type="31" id="{fbc63949-2561-e511-80e1-0050569010ad}" />
      <RootComponent type="36" id="{724f8133-05fd-e311-80d0-0050569010ad}" />
      <RootComponent type="36" id="{cfb7ecc6-7dc1-e311-93f3-00155d0d0417}" />
      <RootComponent type="50" schemaName=":RibbonDiffXml" />
      <RootComponent type="60" id="{62df0425-2410-e511-80dc-0050569010ad}" />
      <RootComponent type="61" schemaName="cgi_/CategoryView.htm" />
      <RootComponent type="61" schemaName="cgi_/ClientBin/CRM.GetBIFFTransactions.xap" />
      <RootComponent type="61" schemaName="cgi_/ClientBin/CRM.GetOrders.xap" />
      <RootComponent type="61" schemaName="cgi_/ClientBin/CRM.Travel.Information.xap" />
      <RootComponent type="61" schemaName="cgi_/ClientBin/CRM.Treeview.Category.xap" />
      <RootComponent type="61" schemaName="cgi_/CRM.GetBIFFTransactionsPage.html" />
      <RootComponent type="61" schemaName="cgi_/CRM.GetOrdersTestPage.html" />
      <RootComponent type="61" schemaName="cgi_/CRM.Travel.InformationPage.html" />
      <RootComponent type="61" schemaName="cgi_/CRM.Treeview.CategoryPage.html" />
      <RootComponent type="61" schemaName="cgi_/images/account_NewCase_16.png" />
      <RootComponent type="61" schemaName="cgi_/images/account_NewCase_32.png" />
      <RootComponent type="61" schemaName="cgi_/images/case_sitemap_ico_24.gif" />
      <RootComponent type="61" schemaName="cgi_/images/cgi_appliocationlog_16.png" />
      <RootComponent type="61" schemaName="cgi_/images/cgi_appliocationlog_32.png" />
      <RootComponent type="61" schemaName="cgi_/images/cgi_bank_16.png" />
      <RootComponent type="61" schemaName="cgi_/images/cgi_bank_32.png" />
      <RootComponent type="61" schemaName="cgi_/images/cgi_bomb_16.png" />
      <RootComponent type="61" schemaName="cgi_/images/cgi_bomb_32.png" />
      <RootComponent type="61" schemaName="cgi_/images/cgi_callguideactivity_16.png" />
      <RootComponent type="61" schemaName="cgi_/images/cgi_callguideactivity_32.png" />
      <RootComponent type="61" schemaName="cgi_/images/cgi_callguideinfo_16.png" />
      <RootComponent type="61" schemaName="cgi_/images/cgi_callguideinfo_32.png" />
      <RootComponent type="61" schemaName="cgi_/images/cgi_campaignvoucher_16.png" />
      <RootComponent type="61" schemaName="cgi_/images/cgi_campaignvoucher_32.png" />
      <RootComponent type="61" schemaName="cgi_/images/cgi_case_category_16.png" />
      <RootComponent type="61" schemaName="cgi_/images/cgi_case_category_32.png" />
      <RootComponent type="61" schemaName="cgi_/images/cgi_category_16.png" />
      <RootComponent type="61" schemaName="cgi_/images/cgi_category_32.png" />
      <RootComponent type="61" schemaName="cgi_/images/cgi_emailgroup_16.png" />
      <RootComponent type="61" schemaName="cgi_/images/cgi_emailgroup_32.png" />
      <RootComponent type="61" schemaName="cgi_/images/cgi_emailrecipient_16.png" />
      <RootComponent type="61" schemaName="cgi_/images/cgi_emailrecipient_32.png" />
      <RootComponent type="61" schemaName="cgi_/images/cgi_language_16.png" />
      <RootComponent type="61" schemaName="cgi_/images/cgi_language_32.png" />
      <RootComponent type="61" schemaName="cgi_/images/cgi_passtravelinformation_16.png" />
      <RootComponent type="61" schemaName="cgi_/images/cgi_passtravelinformation_32.png" />
      <RootComponent type="61" schemaName="cgi_/images/cgi_phone_16.png" />
      <RootComponent type="61" schemaName="cgi_/images/cgi_phone_32.png" />
      <RootComponent type="61" schemaName="cgi_/images/cgi_refund_16.png" />
      <RootComponent type="61" schemaName="cgi_/images/cgi_refund_32.png" />
      <RootComponent type="61" schemaName="cgi_/images/cgi_representativ_16.png" />
      <RootComponent type="61" schemaName="cgi_/images/cgi_representativ_32.png" />
      <RootComponent type="61" schemaName="cgi_/images/cgi_rgolsetting_16.png" />
      <RootComponent type="61" schemaName="cgi_/images/cgi_rgolsetting_32.png" />
      <RootComponent type="61" schemaName="cgi_/images/cgi_sendemail_16.png" />
      <RootComponent type="61" schemaName="cgi_/images/cgi_sendemail_32.png" />
      <RootComponent type="61" schemaName="cgi_/images/cgi_setting_16.png" />
      <RootComponent type="61" schemaName="cgi_/images/cgi_setting_32.png" />
      <RootComponent type="61" schemaName="cgi_/images/cgi_subscription_16.png" />
      <RootComponent type="61" schemaName="cgi_/images/cgi_subscription_32.png" />
      <RootComponent type="61" schemaName="cgi_/images/cgi_transporttype_16.png" />
      <RootComponent type="61" schemaName="cgi_/images/cgi_transporttype_32.png" />
      <RootComponent type="61" schemaName="cgi_/images/cgi_travelinformation_16.png" />
      <RootComponent type="61" schemaName="cgi_/images/cgi_travelinformation_32.png" />
      <RootComponent type="61" schemaName="cgi_/images/cgi_travel_card_16.png" />
      <RootComponent type="61" schemaName="cgi_/images/cgi_travel_card_32.png" />
      <RootComponent type="61" schemaName="cgi_/images/cgi_zonename_16.png" />
      <RootComponent type="61" schemaName="cgi_/images/cgi_zonename_32.png" />
      <RootComponent type="61" schemaName="cgi_/scripts/accountLibrary.js" />
      <RootComponent type="61" schemaName="cgi_/scripts/accountRibbon.js" />
      <RootComponent type="61" schemaName="cgi_/scripts/addressLibrary.js" />
      <RootComponent type="61" schemaName="cgi_/scripts/articleLibrary.js" />
      <RootComponent type="61" schemaName="cgi_/scripts/contactLibrary.js" />
      <RootComponent type="61" schemaName="cgi_/scripts/emailLibrary.js" />
      <RootComponent type="61" schemaName="cgi_/scripts/formscriptfunctions.js" />
      <RootComponent type="61" schemaName="cgi_/scripts/incidentLibrary.js" />
      <RootComponent type="61" schemaName="cgi_/scripts/incidentRibbon.js" />
      <RootComponent type="61" schemaName="cgi_/scripts/json2.js" />
      <RootComponent type="61" schemaName="cgi_/scripts/OData_Querys.js" />
      <RootComponent type="61" schemaName="cgi_/scripts/queueitemRibbon.js" />
      <RootComponent type="61" schemaName="cgi_/scripts/refundLibrary.js" />
      <RootComponent type="61" schemaName="cgi_/scripts/representativLibrary.js" />
      <RootComponent type="61" schemaName="cgi_/scripts/SDK.REST.js" />
      <RootComponent type="61" schemaName="cgi_/scripts/SDK.SOAPAssign.js" />
      <RootComponent type="61" schemaName="cgi_/scripts/travelCardLibrary.js" />
      <RootComponent type="61" schemaName="cgi_/TabControl.htm" />
      <RootComponent type="61" schemaName="msdyn_/ActivityFeeds.Form.js" />
      <RootComponent type="61" schemaName="msdyn_/RecordWall.htm" />
      <RootComponent type="62" />
      <RootComponent type="70" id="{ae787044-46e6-e311-93f6-00155d0d0417}" />
      <RootComponent type="91" schemaName="ActivityFeeds.Plugins, Version=1.0.0.0, Culture=neutral, PublicKeyToken=31bf3856ad364e35" />
      <RootComponent type="91" schemaName="CGI.CRM2013.Skanetrafiken.KBArticlePlugin, Version=6.1.5.0, Culture=neutral, PublicKeyToken=6300f73e3300a5ab" />
      <RootComponent type="91" schemaName="CRM2013.SkanetrafikenPlugins, Version=6.1.32.0, Culture=neutral, PublicKeyToken=c77f3fa416bb6653" />
      <RootComponent type="92" id="{147e9eca-e068-e511-80e1-0050569010ad}" />
      <RootComponent type="92" id="{173177bc-6b5c-e511-80e1-0050569010ad}" />
      <RootComponent type="92" id="{26e08adb-6c5c-e511-80e1-0050569010ad}" />
      <RootComponent type="92" id="{35ae4c4e-6c5c-e511-80e1-0050569010ad}" />
      <RootComponent type="92" id="{58597d8a-6d5c-e511-80e1-0050569010ad}" />
      <RootComponent type="92" id="{5c582706-6b5c-e511-80e1-0050569010ad}" />
      <RootComponent type="92" id="{5daf7f0d-6c5c-e511-80e1-0050569010ad}" />
      <RootComponent type="92" id="{6fab484b-6b5c-e511-80e1-0050569010ad}" />
      <RootComponent type="92" id="{7330d946-6d5c-e511-80e1-0050569010ad}" />
      <RootComponent type="92" id="{76a4e868-6b5c-e511-80e1-0050569010ad}" />
      <RootComponent type="92" id="{82cdaaa2-6c5c-e511-80e1-0050569010ad}" />
      <RootComponent type="92" id="{a4ecfdc5-6c5c-e511-80e1-0050569010ad}" />
      <RootComponent type="92" id="{a7a2098f-795c-e511-80e1-0050569010ad}" />
      <RootComponent type="92" id="{ac3975c3-e95d-e511-80e1-0050569010ad}" />
      <RootComponent type="92" id="{b086fd60-6d5c-e511-80e1-0050569010ad}" />
      <RootComponent type="92" id="{b4208dee-6b5c-e511-80e1-0050569010ad}" />
      <RootComponent type="92" id="{bd374569-6c5c-e511-80e1-0050569010ad}" />
      <RootComponent type="92" id="{bff62898-6f5c-e511-80e1-0050569010ad}" />
      <RootComponent type="92" id="{dfa0417d-6c5c-e511-80e1-0050569010ad}" />
      <RootComponent type="92" id="{fe000130-6c5c-e511-80e1-0050569010ad}" />
    </RootComponents>
    <MissingDependencies>
      <MissingDependency>
        <Required key="0" type="1" schemaName="msdyn_postruleconfig" displayName="Post Rule Configuration" solution="ActivityFeedsCore (6.1.0.581)" />
        <Dependent key="1" type="62" id="{7c00b86b-88d6-e311-80cc-0050569010ad}" />
      </MissingDependency>
      <MissingDependency>
        <Required key="2" type="1" schemaName="msdyn_postconfig" displayName="Post Configuration" solution="ActivityFeedsCore (6.1.0.581)" />
        <Dependent key="1" type="62" id="{7c00b86b-88d6-e311-80cc-0050569010ad}" />
      </MissingDependency>
      <MissingDependency>
        <Required key="3" type="9" schemaName="incident_caseorigincode" displayName="Case Origin" solution="System" />
        <Dependent key="3" type="9" schemaName="incident_caseorigincode" displayName="Case Origin" />
      </MissingDependency>
      <MissingDependency>
        <Required key="3" type="9" schemaName="incident_caseorigincode" displayName="Case Origin" solution="System" />
        <Dependent key="3" type="9" schemaName="incident_caseorigincode" displayName="Case Origin" />
      </MissingDependency>
      <MissingDependency>
        <Required key="4" type="9" schemaName="socialprofile_isblocked" displayName="Blocked Profile" solution="System" />
        <Dependent key="5" type="2" schemaName="blockedprofile" displayName="Blocked Profile" parentSchemaName="incident" parentDisplayName="Case" />
      </MissingDependency>
      <MissingDependency>
        <Required key="6" type="20" displayName="System Customizer" solution="System" id="{35cdb411-88d6-e311-80cc-0050569010ad}" parentId="{119f245c-3cc8-4b62-b31c-d1a046ced15d}" />
        <Dependent key="7" type="60" displayName="Information (Admin)" parentDisplayName="Travel Card" id="{35ec323e-bf50-4af8-992b-02670aefc036}" />
      </MissingDependency>
      <MissingDependency>
        <Required key="6" type="20" displayName="System Customizer" solution="System" id="{35cdb411-88d6-e311-80cc-0050569010ad}" parentId="{119f245c-3cc8-4b62-b31c-d1a046ced15d}" />
        <Dependent key="8" type="60" displayName="account quick info (Skånetrafiken)" parentDisplayName="Account" id="{9bbf66e6-d903-46db-ac7d-473c0b9184fd}" />
      </MissingDependency>
      <MissingDependency>
        <Required key="6" type="20" displayName="System Customizer" solution="System" id="{35cdb411-88d6-e311-80cc-0050569010ad}" parentId="{119f245c-3cc8-4b62-b31c-d1a046ced15d}" />
        <Dependent key="9" type="60" displayName="Refund Quick View Form" parentDisplayName="Refund" id="{9158695b-9f43-4008-891d-37adbf34ad3d}" />
      </MissingDependency>
      <MissingDependency>
        <Required key="6" type="20" displayName="System Customizer" solution="System" id="{35cdb411-88d6-e311-80cc-0050569010ad}" parentId="{119f245c-3cc8-4b62-b31c-d1a046ced15d}" />
        <Dependent key="10" type="60" displayName="Quick View Chat Conversation" parentDisplayName="Callguide Chat" id="{971708ac-6220-45f0-adc4-52590d6ff6ff}" />
      </MissingDependency>
      <MissingDependency>
        <Required key="6" type="20" displayName="System Customizer" solution="System" id="{35cdb411-88d6-e311-80cc-0050569010ad}" parentId="{119f245c-3cc8-4b62-b31c-d1a046ced15d}" />
        <Dependent key="11" type="60" displayName="Refund Quick Create Form" parentDisplayName="Refund" id="{3e23fb67-fb7c-4b30-bb60-c6364c8e74df}" />
      </MissingDependency>
      <MissingDependency>
        <Required key="6" type="20" displayName="System Customizer" solution="System" id="{35cdb411-88d6-e311-80cc-0050569010ad}" parentId="{119f245c-3cc8-4b62-b31c-d1a046ced15d}" />
        <Dependent key="12" type="60" displayName="Quick Create Representativ" parentDisplayName="Representative" id="{fe83f329-71cc-4589-8144-822d1ba82b39}" />
      </MissingDependency>
      <MissingDependency>
        <Required key="6" type="20" displayName="System Customizer" solution="System" id="{35cdb411-88d6-e311-80cc-0050569010ad}" parentId="{119f245c-3cc8-4b62-b31c-d1a046ced15d}" />
        <Dependent key="13" type="60" displayName="New Form" parentDisplayName="Address" id="{09f4003d-79f6-4448-b4e5-96b5db3bb57b}" />
      </MissingDependency>
      <MissingDependency>
        <Required key="6" type="20" displayName="System Customizer" solution="System" id="{35cdb411-88d6-e311-80cc-0050569010ad}" parentId="{119f245c-3cc8-4b62-b31c-d1a046ced15d}" />
        <Dependent key="14" type="60" displayName="Quickview Facebook" parentDisplayName="Callguide Facebook" id="{d244cef4-fc57-46d0-8988-4d230b7bbbd0}" />
      </MissingDependency>
      <MissingDependency>
        <Required key="6" type="20" displayName="System Customizer" solution="System" id="{35cdb411-88d6-e311-80cc-0050569010ad}" parentId="{119f245c-3cc8-4b62-b31c-d1a046ced15d}" />
        <Dependent key="15" type="60" displayName="New Form" parentDisplayName="Travel Card" id="{0bc056ce-d555-49c0-8703-1eaeda80f8b1}" />
      </MissingDependency>
      <MissingDependency>
        <Required key="6" type="20" displayName="System Customizer" solution="System" id="{35cdb411-88d6-e311-80cc-0050569010ad}" parentId="{119f245c-3cc8-4b62-b31c-d1a046ced15d}" />
        <Dependent key="16" type="60" displayName="contact quick info (Skånetrafiken)" parentDisplayName="Contact" id="{ff178ac8-ef93-4f38-bdaf-e2e6a807caaa}" />
      </MissingDependency>
      <MissingDependency>
        <Required key="6" type="20" displayName="System Customizer" solution="System" id="{35cdb411-88d6-e311-80cc-0050569010ad}" parentId="{119f245c-3cc8-4b62-b31c-d1a046ced15d}" />
        <Dependent key="17" type="60" displayName="Phone Call (Skånetrafiken)" parentDisplayName="Callguide Phone Call" id="{8838f07a-e796-475b-9023-432b286dce22}" />
      </MissingDependency>
      <MissingDependency>
        <Required key="6" type="20" displayName="System Customizer" solution="System" id="{35cdb411-88d6-e311-80cc-0050569010ad}" parentId="{119f245c-3cc8-4b62-b31c-d1a046ced15d}" />
        <Dependent key="18" type="60" displayName="Case (ST) 3 Kolumn" parentDisplayName="Case" id="{a9281f8e-af3d-4811-a04a-ea39888119e3}" />
      </MissingDependency>
      <MissingDependency>
        <Required key="6" type="20" displayName="System Customizer" solution="System" id="{35cdb411-88d6-e311-80cc-0050569010ad}" parentId="{119f245c-3cc8-4b62-b31c-d1a046ced15d}" />
        <Dependent key="19" type="60" displayName="Case (Skånetrafiken)" parentDisplayName="Case" id="{2ba9939b-a3ed-43f5-9f44-813626133d89}" />
      </MissingDependency>
      <MissingDependency>
        <Required key="20" type="20" displayName="Skånetrafiken Handläggare Serviceresor" solution="Active" id="{2637dbf7-efbc-e411-80d6-0050569010ad}" />
        <Dependent key="19" type="60" displayName="Case (Skånetrafiken)" parentDisplayName="Case" id="{2ba9939b-a3ed-43f5-9f44-813626133d89}" />
      </MissingDependency>
      <MissingDependency>
        <Required key="21" type="20" displayName="Skånetrafiken Administratör" solution="Active" id="{e3a5ec58-35f5-e311-80ce-0050569010ad}" />
        <Dependent key="19" type="60" displayName="Case (Skånetrafiken)" parentDisplayName="Case" id="{2ba9939b-a3ed-43f5-9f44-813626133d89}" />
      </MissingDependency>
      <MissingDependency>
        <Required key="22" type="20" displayName="Skånetrafiken Handläggare" solution="Active" id="{7965b234-9e02-e411-80d2-005056902292}" />
        <Dependent key="19" type="60" displayName="Case (Skånetrafiken)" parentDisplayName="Case" id="{2ba9939b-a3ed-43f5-9f44-813626133d89}" />
      </MissingDependency>
      <MissingDependency>
        <Required key="6" type="20" displayName="System Customizer" solution="System" id="{35cdb411-88d6-e311-80cc-0050569010ad}" parentId="{119f245c-3cc8-4b62-b31c-d1a046ced15d}" />
        <Dependent key="23" type="60" displayName="New Form" parentDisplayName="Email Recipient" id="{8f590efe-c827-47b5-80f7-01534710323a}" />
      </MissingDependency>
      <MissingDependency>
        <Required key="6" type="20" displayName="System Customizer" solution="System" id="{35cdb411-88d6-e311-80cc-0050569010ad}" parentId="{119f245c-3cc8-4b62-b31c-d1a046ced15d}" />
        <Dependent key="24" type="60" displayName="User (Skånetrafiken)" parentDisplayName="User" id="{ca4eb74b-2544-4bcc-aaa7-740f8cc7f3ac}" />
      </MissingDependency>
      <MissingDependency>
        <Required key="20" type="20" displayName="Skånetrafiken Handläggare Serviceresor" solution="Active" id="{2637dbf7-efbc-e411-80d6-0050569010ad}" />
        <Dependent key="24" type="60" displayName="User (Skånetrafiken)" parentDisplayName="User" id="{ca4eb74b-2544-4bcc-aaa7-740f8cc7f3ac}" />
      </MissingDependency>
      <MissingDependency>
        <Required key="21" type="20" displayName="Skånetrafiken Administratör" solution="Active" id="{e3a5ec58-35f5-e311-80ce-0050569010ad}" />
        <Dependent key="24" type="60" displayName="User (Skånetrafiken)" parentDisplayName="User" id="{ca4eb74b-2544-4bcc-aaa7-740f8cc7f3ac}" />
      </MissingDependency>
      <MissingDependency>
        <Required key="22" type="20" displayName="Skånetrafiken Handläggare" solution="Active" id="{7965b234-9e02-e411-80d2-005056902292}" />
        <Dependent key="24" type="60" displayName="User (Skånetrafiken)" parentDisplayName="User" id="{ca4eb74b-2544-4bcc-aaa7-740f8cc7f3ac}" />
      </MissingDependency>
      <MissingDependency>
        <Required key="22" type="20" displayName="Skånetrafiken Handläggare" solution="Active" id="{7965b234-9e02-e411-80d2-005056902292}" />
        <Dependent key="25" type="60" displayName="Contact (Skånetrafiken)" parentDisplayName="Contact" id="{02641b3b-6db0-47a6-921d-987b1e18c523}" />
      </MissingDependency>
      <MissingDependency>
        <Required key="21" type="20" displayName="Skånetrafiken Administratör" solution="Active" id="{e3a5ec58-35f5-e311-80ce-0050569010ad}" />
        <Dependent key="25" type="60" displayName="Contact (Skånetrafiken)" parentDisplayName="Contact" id="{02641b3b-6db0-47a6-921d-987b1e18c523}" />
      </MissingDependency>
      <MissingDependency>
        <Required key="6" type="20" displayName="System Customizer" solution="System" id="{35cdb411-88d6-e311-80cc-0050569010ad}" parentId="{119f245c-3cc8-4b62-b31c-d1a046ced15d}" />
        <Dependent key="26" type="60" displayName="Addresses" parentDisplayName="Address" id="{4f50cdca-dbbf-4643-94c6-3013b8ff9f7e}" />
      </MissingDependency>
      <MissingDependency>
        <Required key="6" type="20" displayName="System Customizer" solution="System" id="{35cdb411-88d6-e311-80cc-0050569010ad}" parentId="{119f245c-3cc8-4b62-b31c-d1a046ced15d}" />
        <Dependent key="25" type="60" displayName="Contact (Skånetrafiken)" parentDisplayName="Contact" id="{02641b3b-6db0-47a6-921d-987b1e18c523}" />
      </MissingDependency>
      <MissingDependency>
        <Required key="20" type="20" displayName="Skånetrafiken Handläggare Serviceresor" solution="Active" id="{2637dbf7-efbc-e411-80d6-0050569010ad}" />
        <Dependent key="25" type="60" displayName="Contact (Skånetrafiken)" parentDisplayName="Contact" id="{02641b3b-6db0-47a6-921d-987b1e18c523}" />
      </MissingDependency>
      <MissingDependency>
        <Required key="6" type="20" displayName="System Customizer" solution="System" id="{35cdb411-88d6-e311-80cc-0050569010ad}" parentId="{119f245c-3cc8-4b62-b31c-d1a046ced15d}" />
        <Dependent key="27" type="60" displayName="Quick View Representative" parentDisplayName="Representative" id="{7cdab57e-b1cc-48f6-90a1-2ccd20d72116}" />
      </MissingDependency>
      <MissingDependency>
        <Required key="20" type="20" displayName="Skånetrafiken Handläggare Serviceresor" solution="Active" id="{2637dbf7-efbc-e411-80d6-0050569010ad}" />
        <Dependent key="28" type="60" displayName="Account (Skånetrafiken)" parentDisplayName="Account" id="{003f08c2-06d9-494b-926a-42020901c6b2}" />
      </MissingDependency>
      <MissingDependency>
        <Required key="6" type="20" displayName="System Customizer" solution="System" id="{35cdb411-88d6-e311-80cc-0050569010ad}" parentId="{119f245c-3cc8-4b62-b31c-d1a046ced15d}" />
        <Dependent key="29" type="60" displayName="Case Quick Create (Skånetrafiken)" parentDisplayName="Case" id="{5f40a5f7-e35d-4cf9-84d6-a59c005b5a45}" />
      </MissingDependency>
      <MissingDependency>
        <Required key="6" type="20" displayName="System Customizer" solution="System" id="{35cdb411-88d6-e311-80cc-0050569010ad}" parentId="{119f245c-3cc8-4b62-b31c-d1a046ced15d}" />
        <Dependent key="28" type="60" displayName="Account (Skånetrafiken)" parentDisplayName="Account" id="{003f08c2-06d9-494b-926a-42020901c6b2}" />
      </MissingDependency>
      <MissingDependency>
        <Required key="22" type="20" displayName="Skånetrafiken Handläggare" solution="Active" id="{7965b234-9e02-e411-80d2-005056902292}" />
        <Dependent key="28" type="60" displayName="Account (Skånetrafiken)" parentDisplayName="Account" id="{003f08c2-06d9-494b-926a-42020901c6b2}" />
      </MissingDependency>
      <MissingDependency>
        <Required key="21" type="20" displayName="Skånetrafiken Administratör" solution="Active" id="{e3a5ec58-35f5-e311-80ce-0050569010ad}" />
        <Dependent key="28" type="60" displayName="Account (Skånetrafiken)" parentDisplayName="Account" id="{003f08c2-06d9-494b-926a-42020901c6b2}" />
      </MissingDependency>
      <MissingDependency>
        <Required key="30" type="26" schemaName="Local User Queues" displayName="Local User Queues" parentSchemaName="queue" parentDisplayName="Queue" solution="ServiceEnhancements610 (1.0)" id="{6692d3a5-268d-4392-9752-2acf707062bb}" />
        <Dependent key="31" type="60" displayName="User" parentDisplayName="User" id="{c2cd9e55-d4b4-4b55-9951-16ead79643e5}" />
      </MissingDependency>
      <MissingDependency>
        <Required key="32" type="26" schemaName="Cases Available to Work On" displayName="Cases Available to Work On" parentSchemaName="queueitem" parentDisplayName="Queue Item" solution="ServiceEnhancements610 (1.0)" id="{3e3ca60a-9732-48bd-b16f-f4682eff6f67}" />
        <Dependent key="32" type="26" schemaName="Cases Available to Work On" displayName="Cases Available to Work On" parentSchemaName="queueitem" parentDisplayName="Queue Item" id="{3e3ca60a-9732-48bd-b16f-f4682eff6f67}" />
      </MissingDependency>
      <MissingDependency>
        <Required key="33" type="26" schemaName="Associated Cases" displayName="Associated Cases" parentSchemaName="incident" parentDisplayName="Case" solution="ServiceEnhancements610 (1.0)" id="{72210bbb-d9d5-42df-8efd-39395a3cd7a7}" />
        <Dependent key="33" type="26" schemaName="Associated Cases" displayName="Associated Cases" parentSchemaName="incident" parentDisplayName="Case" id="{72210bbb-d9d5-42df-8efd-39395a3cd7a7}" />
      </MissingDependency>
      <MissingDependency>
        <Required key="34" type="26" schemaName="Private Queues Lookup View" displayName="Private Queues Lookup View" parentSchemaName="queue" parentDisplayName="Queue" solution="ServiceEnhancements610 (1.0)" id="{75566a9b-cce8-4ed8-acbd-83ee42dd6dee}" />
        <Dependent key="34" type="26" schemaName="Private Queues Lookup View" displayName="Private Queues Lookup View" parentSchemaName="queue" parentDisplayName="Queue" id="{75566a9b-cce8-4ed8-acbd-83ee42dd6dee}" />
      </MissingDependency>
      <MissingDependency>
        <Required key="35" type="26" schemaName="All Cases in Selected Queues" displayName="All Cases in Selected Queues" parentSchemaName="queueitem" parentDisplayName="Queue Item" solution="ServiceEnhancements610 (1.0)" id="{7bea29f4-0240-4f79-9e89-e07a134dc405}" />
        <Dependent key="35" type="26" schemaName="All Cases in Selected Queues" displayName="All Cases in Selected Queues" parentSchemaName="queueitem" parentDisplayName="Queue Item" id="{7bea29f4-0240-4f79-9e89-e07a134dc405}" />
      </MissingDependency>
      <MissingDependency>
        <Required key="36" type="26" schemaName="Cases I am Working On" displayName="Cases I am Working On" parentSchemaName="queueitem" parentDisplayName="Queue Item" solution="ServiceEnhancements610 (1.0)" id="{32314b38-ddbc-47ee-ba27-1bfd8530ef63}" />
        <Dependent key="36" type="26" schemaName="Cases I am Working On" displayName="Cases I am Working On" parentSchemaName="queueitem" parentDisplayName="Queue Item" id="{32314b38-ddbc-47ee-ba27-1bfd8530ef63}" />
      </MissingDependency>
      <MissingDependency>
        <Required key="37" type="26" schemaName="QueueItem Sub Grid View" displayName="QueueItem Sub Grid View" parentSchemaName="queueitem" parentDisplayName="Queue Item" solution="ServiceEnhancements610 (1.0)" id="{fad31c91-6638-45e7-84db-7257bd940e9c}" />
        <Dependent key="37" type="26" schemaName="QueueItem Sub Grid View" displayName="QueueItem Sub Grid View" parentSchemaName="queueitem" parentDisplayName="Queue Item" id="{fad31c91-6638-45e7-84db-7257bd940e9c}" />
      </MissingDependency>
      <MissingDependency>
        <Required key="38" type="26" schemaName="Active Cases with Parent Child Status" displayName="Active Cases with Parent Child Status" parentSchemaName="incident" parentDisplayName="Case" solution="ServiceEnhancements610 (1.0)" id="{95aa1763-3800-4d3e-906f-e81b4191ac8e}" />
        <Dependent key="38" type="26" schemaName="Active Cases with Parent Child Status" displayName="Active Cases with Parent Child Status" parentSchemaName="incident" parentDisplayName="Case" id="{95aa1763-3800-4d3e-906f-e81b4191ac8e}" />
      </MissingDependency>
      <MissingDependency>
        <Required key="39" type="26" schemaName="My Active Cases with Parent Child Status" displayName="My Active Cases with Parent Child Status" parentSchemaName="incident" parentDisplayName="Case" solution="ServiceEnhancements610 (1.0)" id="{4d3297df-c7f0-45f9-9e09-b5b9df223645}" />
        <Dependent key="39" type="26" schemaName="My Active Cases with Parent Child Status" displayName="My Active Cases with Parent Child Status" parentSchemaName="incident" parentDisplayName="Case" id="{4d3297df-c7f0-45f9-9e09-b5b9df223645}" />
      </MissingDependency>
      <MissingDependency>
        <Required key="40" type="26" schemaName="Contact Entitlements" displayName="Contact Entitlements" parentSchemaName="entitlement" parentDisplayName="Entitlement" solution="ServiceEnhancements610 (1.0)" id="{d227ed1d-362f-4ab5-8125-684d5f52caeb}" />
        <Dependent key="41" type="60" displayName="Contact" parentDisplayName="Contact" id="{1fed44d1-ae68-4a41-bd2b-f13acac4acfa}" />
      </MissingDependency>
      <MissingDependency>
        <Required key="42" type="26" schemaName="Campaign Marketing Lists" displayName="Campaign Marketing Lists" parentSchemaName="list" parentDisplayName="Marketing List" solution="System" id="{b1b7f81b-c780-e211-90f7-00155d89bb01}" />
        <Dependent key="43" type="60" displayName="Campaign" parentDisplayName="Campaign" id="{6356ff2a-bbbe-49fb-9da2-160b08865688}" />
      </MissingDependency>
      <MissingDependency>
        <Required key="44" type="26" schemaName="Account Entitlements" displayName="Account Entitlements" parentSchemaName="entitlement" parentDisplayName="Entitlement" solution="ServiceEnhancements610 (1.0)" id="{961bf8aa-042f-4f4d-bcca-935bfc9a6994}" />
        <Dependent key="45" type="60" displayName="Account" parentDisplayName="Account" id="{8448b78f-8f42-454e-8e2a-f8196b0419af}" />
      </MissingDependency>
      <MissingDependency>
        <Required key="46" type="26" schemaName="Business Units Lookup View" displayName="Business Units Lookup View" parentSchemaName="businessunit" parentDisplayName="Business Unit" solution="System" id="{408041f8-b27c-4741-9f7a-85eb1714e6a5}" />
        <Dependent key="24" type="60" displayName="User (Skånetrafiken)" parentDisplayName="User" id="{ca4eb74b-2544-4bcc-aaa7-740f8cc7f3ac}" />
      </MissingDependency>
      <MissingDependency>
        <Required key="47" type="26" schemaName="Mailbox Lookup View" displayName="Mailbox Lookup View" parentSchemaName="mailbox" parentDisplayName="Mailbox" solution="System" id="{aae30b60-d57b-48a3-8009-3d5637c77d5e}" />
        <Dependent key="24" type="60" displayName="User (Skånetrafiken)" parentDisplayName="User" id="{ca4eb74b-2544-4bcc-aaa7-740f8cc7f3ac}" />
      </MissingDependency>
      <MissingDependency>
        <Required key="48" type="26" schemaName="Sites Lookup View" displayName="Sites Lookup View" parentSchemaName="site" parentDisplayName="Site" solution="System" id="{c09b2072-b98f-42d2-a74a-47deaa29f205}" />
        <Dependent key="24" type="60" displayName="User (Skånetrafiken)" parentDisplayName="User" id="{ca4eb74b-2544-4bcc-aaa7-740f8cc7f3ac}" />
      </MissingDependency>
      <MissingDependency>
        <Required key="49" type="26" schemaName="Active Products" displayName="Active Products" parentSchemaName="product" parentDisplayName="Product" solution="System" id="{a066d18a-8a4a-44ee-b78e-9a870dc799dd}" />
        <Dependent key="19" type="60" displayName="Case (Skånetrafiken)" parentDisplayName="Case" id="{2ba9939b-a3ed-43f5-9f44-813626133d89}" />
      </MissingDependency>
      <MissingDependency>
        <Required key="49" type="26" schemaName="Active Products" displayName="Active Products" parentSchemaName="product" parentDisplayName="Product" solution="System" id="{a066d18a-8a4a-44ee-b78e-9a870dc799dd}" />
        <Dependent key="18" type="60" displayName="Case (ST) 3 Kolumn" parentDisplayName="Case" id="{a9281f8e-af3d-4811-a04a-ea39888119e3}" />
      </MissingDependency>
      <MissingDependency>
        <Required key="49" type="26" schemaName="Active Products" displayName="Active Products" parentSchemaName="product" parentDisplayName="Product" solution="System" id="{a066d18a-8a4a-44ee-b78e-9a870dc799dd}" />
        <Dependent key="50" type="60" displayName="Case" parentDisplayName="Case" id="{4a63c8d1-6c1e-48ec-9db4-3e6c7155334c}" />
      </MissingDependency>
      <MissingDependency>
        <Required key="51" type="26" schemaName="Valid Entitlements for Cases" displayName="Valid Entitlements for Cases" parentSchemaName="entitlement" parentDisplayName="Entitlement" solution="ServiceEnhancements610 (1.0)" id="{e7ea283b-0490-4956-939b-3325e0798fb8}" />
        <Dependent key="50" type="60" displayName="Case" parentDisplayName="Case" id="{4a63c8d1-6c1e-48ec-9db4-3e6c7155334c}" />
      </MissingDependency>
      <MissingDependency>
        <Required key="52" type="26" schemaName="Activity Attachment Associated View" displayName="Activity Attachment Associated View" parentSchemaName="activitymimeattachment" parentDisplayName="Email Attachment" solution="System" id="{270de234-e469-4806-9c7e-8d94901cd521}" />
        <Dependent key="53" type="60" displayName="Email" parentDisplayName="Email" id="{0d1e47ff-12b2-4f53-9090-bee951b98cb4}" />
      </MissingDependency>
      <MissingDependency>
        <Required key="54" type="26" schemaName="Related Solutions" displayName="Related Solutions" parentSchemaName="connection" parentDisplayName="Connection" solution="System" id="{23fb1036-e41d-4d75-8aa7-27569b5b6512}" />
        <Dependent key="50" type="60" displayName="Case" parentDisplayName="Case" id="{4a63c8d1-6c1e-48ec-9db4-3e6c7155334c}" />
      </MissingDependency>
      <MissingDependency>
        <Required key="44" type="26" schemaName="Account Entitlements" displayName="Account Entitlements" parentSchemaName="entitlement" parentDisplayName="Entitlement" solution="ServiceEnhancements610 (1.0)" id="{961bf8aa-042f-4f4d-bcca-935bfc9a6994}" />
        <Dependent key="55" type="60" displayName="account card" parentDisplayName="Account" id="{b028db32-3619-48a5-ac51-cf3f947b0ef3}" />
      </MissingDependency>
      <MissingDependency>
        <Required key="40" type="26" schemaName="Contact Entitlements" displayName="Contact Entitlements" parentSchemaName="entitlement" parentDisplayName="Entitlement" solution="ServiceEnhancements610 (1.0)" id="{d227ed1d-362f-4ab5-8125-684d5f52caeb}" />
        <Dependent key="56" type="60" displayName="contact card" parentDisplayName="Contact" id="{707fc57b-c5e6-471b-a180-e37ed28a38e2}" />
      </MissingDependency>
      <MissingDependency>
        <Required key="57" type="26" schemaName="All Article Comments" displayName="All Article Comments" parentSchemaName="kbarticlecomment" parentDisplayName="Article Comment" solution="System" id="{e3292575-bf8d-47ea-ab5a-056e62898a29}" />
        <Dependent key="58" type="60" displayName="Information" parentDisplayName="Article" id="{fdd6d28a-6a67-4bf3-802c-37eb1a472ae2}" />
      </MissingDependency>
      <MissingDependency>
        <Required key="59" type="50" schemaName="incident:RibbonDiffXml" solution="ServiceEnhancements610 (1.0)" />
        <Dependent key="60" type="50" schemaName="incident:RibbonDiffXml" />
      </MissingDependency>
      <MissingDependency>
        <Required key="59" type="50" schemaName="incident:RibbonDiffXml" solution="ServiceEnhancements610 (1.0)" />
        <Dependent key="60" type="50" schemaName="incident:RibbonDiffXml" />
      </MissingDependency>
      <MissingDependency>
        <Required key="61" type="59" schemaName="Active Case by Agent" displayName="Active Case by Agent" parentSchemaName="incident" parentDisplayName="Case" solution="ServiceEnhancements610 (1.0)" id="{4143b74e-4a07-4d01-9ffe-2cdcaa4208fd}" />
        <Dependent key="18" type="60" displayName="Case (ST) 3 Kolumn" parentDisplayName="Case" id="{a9281f8e-af3d-4811-a04a-ea39888119e3}" />
      </MissingDependency>
      <MissingDependency>
        <Required key="61" type="59" schemaName="Active Case by Agent" displayName="Active Case by Agent" parentSchemaName="incident" parentDisplayName="Case" solution="ServiceEnhancements610 (1.0)" id="{4143b74e-4a07-4d01-9ffe-2cdcaa4208fd}" />
        <Dependent key="28" type="60" displayName="Account (Skånetrafiken)" parentDisplayName="Account" id="{003f08c2-06d9-494b-926a-42020901c6b2}" />
      </MissingDependency>
      <MissingDependency>
        <Required key="61" type="59" schemaName="Active Case by Agent" displayName="Active Case by Agent" parentSchemaName="incident" parentDisplayName="Case" solution="ServiceEnhancements610 (1.0)" id="{4143b74e-4a07-4d01-9ffe-2cdcaa4208fd}" />
        <Dependent key="25" type="60" displayName="Contact (Skånetrafiken)" parentDisplayName="Contact" id="{02641b3b-6db0-47a6-921d-987b1e18c523}" />
      </MissingDependency>
      <MissingDependency>
        <Required key="62" type="61" schemaName="msdyn_/ActivityFeeds.Form.js" displayName="msdyn_/ActivityFeeds.Form.js" solution="ActivityFeedsCore (6.1.0.581)" />
        <Dependent key="63" type="60" displayName="Information" parentDisplayName="Lead" id="{9886ead0-4fcc-4747-9a18-08e7a9a6de71}" />
      </MissingDependency>
      <MissingDependency>
        <Required key="64" type="61" schemaName="msdyn_/RecordWall.htm" displayName="msdyn_/RecordWall.htm" solution="ActivityFeedsCore (6.1.0.581)" />
        <Dependent key="63" type="60" displayName="Information" parentDisplayName="Lead" id="{9886ead0-4fcc-4747-9a18-08e7a9a6de71}" />
      </MissingDependency>
      <MissingDependency>
        <Required key="62" type="61" schemaName="msdyn_/ActivityFeeds.Form.js" displayName="msdyn_/ActivityFeeds.Form.js" solution="ActivityFeedsCore (6.1.0.581)" />
        <Dependent key="65" type="60" displayName="Information" parentDisplayName="Case" id="{f658c846-f74c-459b-b591-b97558958106}" />
      </MissingDependency>
      <MissingDependency>
        <Required key="64" type="61" schemaName="msdyn_/RecordWall.htm" displayName="msdyn_/RecordWall.htm" solution="ActivityFeedsCore (6.1.0.581)" />
        <Dependent key="65" type="60" displayName="Information" parentDisplayName="Case" id="{f658c846-f74c-459b-b591-b97558958106}" />
      </MissingDependency>
      <MissingDependency>
        <Required key="62" type="61" schemaName="msdyn_/ActivityFeeds.Form.js" displayName="msdyn_/ActivityFeeds.Form.js" solution="ActivityFeedsCore (6.1.0.581)" />
        <Dependent key="66" type="60" displayName="Information" parentDisplayName="Account" id="{b053a39a-041a-4356-acef-ddf00182762b}" />
      </MissingDependency>
      <MissingDependency>
        <Required key="64" type="61" schemaName="msdyn_/RecordWall.htm" displayName="msdyn_/RecordWall.htm" solution="ActivityFeedsCore (6.1.0.581)" />
        <Dependent key="66" type="60" displayName="Information" parentDisplayName="Account" id="{b053a39a-041a-4356-acef-ddf00182762b}" />
      </MissingDependency>
      <MissingDependency>
        <Required key="67" type="61" schemaName="Account_main_system_library.js" displayName="Account_main_system_library.js" solution="System" />
        <Dependent key="66" type="60" displayName="Information" parentDisplayName="Account" id="{b053a39a-041a-4356-acef-ddf00182762b}" />
      </MissingDependency>
      <MissingDependency>
        <Required key="64" type="61" schemaName="msdyn_/RecordWall.htm" displayName="msdyn_/RecordWall.htm" solution="ActivityFeedsCore (6.1.0.581)" />
        <Dependent key="64" type="61" schemaName="msdyn_/RecordWall.htm" displayName="msdyn_/RecordWall.htm" />
      </MissingDependency>
      <MissingDependency>
        <Required key="62" type="61" schemaName="msdyn_/ActivityFeeds.Form.js" displayName="msdyn_/ActivityFeeds.Form.js" solution="ActivityFeedsCore (6.1.0.581)" />
        <Dependent key="62" type="61" schemaName="msdyn_/ActivityFeeds.Form.js" displayName="msdyn_/ActivityFeeds.Form.js" />
      </MissingDependency>
      <MissingDependency>
        <Required key="62" type="61" schemaName="msdyn_/ActivityFeeds.Form.js" displayName="msdyn_/ActivityFeeds.Form.js" solution="ActivityFeedsCore (6.1.0.581)" />
        <Dependent key="68" type="60" displayName="Information" parentDisplayName="Contact" id="{894cc46a-b0cb-4ab0-8bf6-200544e46a2d}" />
      </MissingDependency>
      <MissingDependency>
        <Required key="64" type="61" schemaName="msdyn_/RecordWall.htm" displayName="msdyn_/RecordWall.htm" solution="ActivityFeedsCore (6.1.0.581)" />
        <Dependent key="68" type="60" displayName="Information" parentDisplayName="Contact" id="{894cc46a-b0cb-4ab0-8bf6-200544e46a2d}" />
      </MissingDependency>
      <MissingDependency>
        <Required key="62" type="61" schemaName="msdyn_/ActivityFeeds.Form.js" displayName="msdyn_/ActivityFeeds.Form.js" solution="ActivityFeedsCore (6.1.0.581)" />
        <Dependent key="69" type="60" displayName="Information" parentDisplayName="Opportunity" id="{a2a56263-ec37-4991-a3b0-e7b37a71d818}" />
      </MissingDependency>
      <MissingDependency>
        <Required key="64" type="61" schemaName="msdyn_/RecordWall.htm" displayName="msdyn_/RecordWall.htm" solution="ActivityFeedsCore (6.1.0.581)" />
        <Dependent key="69" type="60" displayName="Information" parentDisplayName="Opportunity" id="{a2a56263-ec37-4991-a3b0-e7b37a71d818}" />
      </MissingDependency>
      <MissingDependency>
        <Required key="62" type="61" schemaName="msdyn_/ActivityFeeds.Form.js" displayName="msdyn_/ActivityFeeds.Form.js" solution="ActivityFeedsCore (6.1.0.581)" />
        <Dependent key="70" type="60" displayName="Information" parentDisplayName="Competitor" id="{b81139b0-9849-4def-836b-75c4a0f0b03a}" />
      </MissingDependency>
      <MissingDependency>
        <Required key="64" type="61" schemaName="msdyn_/RecordWall.htm" displayName="msdyn_/RecordWall.htm" solution="ActivityFeedsCore (6.1.0.581)" />
        <Dependent key="70" type="60" displayName="Information" parentDisplayName="Competitor" id="{b81139b0-9849-4def-836b-75c4a0f0b03a}" />
      </MissingDependency>
      <MissingDependency>
        <Required key="62" type="61" schemaName="msdyn_/ActivityFeeds.Form.js" displayName="msdyn_/ActivityFeeds.Form.js" solution="ActivityFeedsCore (6.1.0.581)" />
        <Dependent key="71" type="60" displayName="Information" parentDisplayName="User" id="{c0d7d7dd-afd0-4675-85fe-1cc5a48be6df}" />
      </MissingDependency>
      <MissingDependency>
        <Required key="64" type="61" schemaName="msdyn_/RecordWall.htm" displayName="msdyn_/RecordWall.htm" solution="ActivityFeedsCore (6.1.0.581)" />
        <Dependent key="71" type="60" displayName="Information" parentDisplayName="User" id="{c0d7d7dd-afd0-4675-85fe-1cc5a48be6df}" />
      </MissingDependency>
      <MissingDependency>
        <Required key="72" type="61" schemaName="Contact_main_system_library.js" displayName="Contact_main_system_library.js" solution="System" />
        <Dependent key="41" type="60" displayName="Contact" parentDisplayName="Contact" id="{1fed44d1-ae68-4a41-bd2b-f13acac4acfa}" />
      </MissingDependency>
      <MissingDependency>
        <Required key="73" type="61" schemaName="Incident_main_system_library.js" displayName="Incident_main_system_library.js" solution="System" />
        <Dependent key="50" type="60" displayName="Case" parentDisplayName="Case" id="{4a63c8d1-6c1e-48ec-9db4-3e6c7155334c}" />
      </MissingDependency>
      <MissingDependency>
        <Required key="74" type="61" schemaName="SystemUser_main_system_library.js" displayName="SystemUser_main_system_library.js" solution="System" />
        <Dependent key="71" type="60" displayName="Information" parentDisplayName="User" id="{c0d7d7dd-afd0-4675-85fe-1cc5a48be6df}" />
      </MissingDependency>
      <MissingDependency>
        <Required key="73" type="61" schemaName="Incident_main_system_library.js" displayName="Incident_main_system_library.js" solution="System" />
        <Dependent key="19" type="60" displayName="Case (Skånetrafiken)" parentDisplayName="Case" id="{2ba9939b-a3ed-43f5-9f44-813626133d89}" />
      </MissingDependency>
      <MissingDependency>
        <Required key="73" type="61" schemaName="Incident_main_system_library.js" displayName="Incident_main_system_library.js" solution="System" />
        <Dependent key="18" type="60" displayName="Case (ST) 3 Kolumn" parentDisplayName="Case" id="{a9281f8e-af3d-4811-a04a-ea39888119e3}" />
      </MissingDependency>
      <MissingDependency>
        <Required key="74" type="61" schemaName="SystemUser_main_system_library.js" displayName="SystemUser_main_system_library.js" solution="System" />
        <Dependent key="24" type="60" displayName="User (Skånetrafiken)" parentDisplayName="User" id="{ca4eb74b-2544-4bcc-aaa7-740f8cc7f3ac}" />
      </MissingDependency>
      <MissingDependency>
        <Required key="67" type="61" schemaName="Account_main_system_library.js" displayName="Account_main_system_library.js" solution="System" />
        <Dependent key="45" type="60" displayName="Account" parentDisplayName="Account" id="{8448b78f-8f42-454e-8e2a-f8196b0419af}" />
      </MissingDependency>
      <MissingDependency>
        <Required key="72" type="61" schemaName="Contact_main_system_library.js" displayName="Contact_main_system_library.js" solution="System" />
        <Dependent key="25" type="60" displayName="Contact (Skånetrafiken)" parentDisplayName="Contact" id="{02641b3b-6db0-47a6-921d-987b1e18c523}" />
      </MissingDependency>
      <MissingDependency>
        <Required key="73" type="61" schemaName="Incident_main_system_library.js" displayName="Incident_main_system_library.js" solution="System" />
        <Dependent key="75" type="60" displayName="Case Quick Create" parentDisplayName="Case" id="{8e10b902-0b3e-441c-8b12-88e6c1793848}" />
      </MissingDependency>
      <MissingDependency>
        <Required key="76" type="91" schemaName="ActivityFeeds.Plugins, Version=1.0.0.0, Culture=neutral, PublicKeyToken=31bf3856ad364e35" displayName="ActivityFeeds.Plugins" solution="ActivityFeedsCore (6.1.0.581)" />
        <Dependent key="76" type="91" schemaName="ActivityFeeds.Plugins, Version=1.0.0.0, Culture=neutral, PublicKeyToken=31bf3856ad364e35" displayName="ActivityFeeds.Plugins" />
      </MissingDependency>
    </MissingDependencies>
  </SolutionManifest>
</ImportExportXml>