<ImportExportXml xmlns:xsi="http://www.w3.org/2001/XMLSchema-instance">
  <Entities></Entities>
  <Roles></Roles>
  <Workflows></Workflows>
  <FieldSecurityProfiles></FieldSecurityProfiles>
  <Templates />
  <EntityMaps />
  <EntityRelationships />
  <OrganizationSettings />
  <optionsets />
  <SolutionPluginAssemblies>
    <PluginAssembly FullName="CRM2013.SkanetrafikenPlugins, Version=6.1.32.0, Culture=neutral, PublicKeyToken=c77f3fa416bb6653" CustomizationLevel="1">
      <IsolationMode>1</IsolationMode>
      <SourceType>0</SourceType>
      <IntroducedVersion>1.0</IntroducedVersion>
      <FileName>/PluginAssemblies/CRM2013SkanetrafikenPlugins-7C60D868-22E9-4A32-9BDE-CCD1AACDD14C/CRM2013SkanetrafikenPlugins.dll</FileName>
      <PluginTypes>
        <PluginType AssemblyQualifiedName="CRM2013.SkanetrafikenPlugins.account_Create_Pre, CRM2013.SkanetrafikenPlugins, Version=6.1.32.0, Culture=neutral, PublicKeyToken=c77f3fa416bb6653" Name="CRM2013.SkanetrafikenPlugins.account_Create_Pre">
          <FriendlyName>bd9f2c7d-3629-45bf-a2b5-83e8f86693c7</FriendlyName>
        </PluginType>
        <PluginType AssemblyQualifiedName="CRM2013.SkanetrafikenPlugins.account_Post, CRM2013.SkanetrafikenPlugins, Version=6.1.32.0, Culture=neutral, PublicKeyToken=c77f3fa416bb6653" Name="CRM2013.SkanetrafikenPlugins.account_Post">
          <FriendlyName>13ca1602-6fa2-47bf-a539-aeea85b7e7e4</FriendlyName>
        </PluginType>
        <PluginType AssemblyQualifiedName="CRM2013.SkanetrafikenPlugins.cgi_casecategory_Pre, CRM2013.SkanetrafikenPlugins, Version=6.1.32.0, Culture=neutral, PublicKeyToken=c77f3fa416bb6653" Name="CRM2013.SkanetrafikenPlugins.cgi_casecategory_Pre">
          <FriendlyName>e334bd29-35b7-49e0-9aae-afcec394e0da</FriendlyName>
        </PluginType>
        <PluginType AssemblyQualifiedName="CRM2013.SkanetrafikenPlugins.cgi_travelcard_Post, CRM2013.SkanetrafikenPlugins, Version=6.1.32.0, Culture=neutral, PublicKeyToken=c77f3fa416bb6653" Name="CRM2013.SkanetrafikenPlugins.cgi_travelcard_Post">
          <FriendlyName>b6d8cddc-21e7-48ff-95d8-08bd68dd4590</FriendlyName>
        </PluginType>
        <PluginType AssemblyQualifiedName="CRM2013.SkanetrafikenPlugins.cgi_travelcard_Pre, CRM2013.SkanetrafikenPlugins, Version=6.1.32.0, Culture=neutral, PublicKeyToken=c77f3fa416bb6653" Name="CRM2013.SkanetrafikenPlugins.cgi_travelcard_Pre">
          <FriendlyName>22da5fd8-8132-47e2-9968-b841d78c9c3b</FriendlyName>
        </PluginType>
        <PluginType AssemblyQualifiedName="CRM2013.SkanetrafikenPlugins.contact_Create_Pre, CRM2013.SkanetrafikenPlugins, Version=6.1.32.0, Culture=neutral, PublicKeyToken=c77f3fa416bb6653" Name="CRM2013.SkanetrafikenPlugins.contact_Create_Pre">
          <FriendlyName>bc9d3c18-8dae-44f8-969c-9e25178139b9</FriendlyName>
        </PluginType>
        <PluginType AssemblyQualifiedName="CRM2013.SkanetrafikenPlugins.contact_Post, CRM2013.SkanetrafikenPlugins, Version=6.1.32.0, Culture=neutral, PublicKeyToken=c77f3fa416bb6653" Name="CRM2013.SkanetrafikenPlugins.contact_Post">
          <FriendlyName>e791176f-39e2-4888-9f80-680c5a9dbae7</FriendlyName>
        </PluginType>
        <PluginType AssemblyQualifiedName="CRM2013.SkanetrafikenPlugins.email_Post, CRM2013.SkanetrafikenPlugins, Version=6.1.32.0, Culture=neutral, PublicKeyToken=c77f3fa416bb6653" Name="CRM2013.SkanetrafikenPlugins.email_Post">
          <FriendlyName>0fa5fa6a-b3b6-4f57-b604-723009045c78</FriendlyName>
        </PluginType>
        <PluginType AssemblyQualifiedName="CRM2013.SkanetrafikenPlugins.email_Pre, CRM2013.SkanetrafikenPlugins, Version=6.1.32.0, Culture=neutral, PublicKeyToken=c77f3fa416bb6653" Name="CRM2013.SkanetrafikenPlugins.email_Pre">
          <FriendlyName>ee265c0f-fb91-499b-a0c0-41360b2fc0b4</FriendlyName>
        </PluginType>
        <PluginType AssemblyQualifiedName="CRM2013.SkanetrafikenPlugins.emailcheck_Pre, CRM2013.SkanetrafikenPlugins, Version=6.1.32.0, Culture=neutral, PublicKeyToken=c77f3fa416bb6653" Name="CRM2013.SkanetrafikenPlugins.emailcheck_Pre">
          <FriendlyName>3d70446b-65a2-47ae-8ba8-9eadc215b6fb</FriendlyName>
        </PluginType>
        <PluginType AssemblyQualifiedName="CRM2013.SkanetrafikenPlugins.ExecuteRefundTransactions, CRM2013.SkanetrafikenPlugins, Version=6.1.32.0, Culture=neutral, PublicKeyToken=c77f3fa416bb6653" Name="CRM2013.SkanetrafikenPlugins.ExecuteRefundTransactions">
          <FriendlyName>f2f898d1-7aa9-482b-a276-67cee0a4b7b0</FriendlyName>
          <WorkflowActivityGroupName>CRM2013.SkanetrafikenPlugins (6.1.32.0)</WorkflowActivityGroupName>
        </PluginType>
        <PluginType AssemblyQualifiedName="CRM2013.SkanetrafikenPlugins.incident_Close_Pre, CRM2013.SkanetrafikenPlugins, Version=6.1.32.0, Culture=neutral, PublicKeyToken=c77f3fa416bb6653" Name="CRM2013.SkanetrafikenPlugins.incident_Close_Pre">
          <FriendlyName>6bd854dd-3e70-4bca-b824-bd7392879b1c</FriendlyName>
        </PluginType>
        <PluginType AssemblyQualifiedName="CRM2013.SkanetrafikenPlugins.incident_Post, CRM2013.SkanetrafikenPlugins, Version=6.1.32.0, Culture=neutral, PublicKeyToken=c77f3fa416bb6653" Name="CRM2013.SkanetrafikenPlugins.incident_Post">
          <FriendlyName>1166a521-d46e-4f6c-bda6-6f99ac737221</FriendlyName>
        </PluginType>
        <PluginType AssemblyQualifiedName="CRM2013.SkanetrafikenPlugins.incident_Pre, CRM2013.SkanetrafikenPlugins, Version=6.1.32.0, Culture=neutral, PublicKeyToken=c77f3fa416bb6653" Name="CRM2013.SkanetrafikenPlugins.incident_Pre">
          <FriendlyName>9df815bf-2d38-4ebe-8265-a348407c360d</FriendlyName>
        </PluginType>
        <PluginType AssemblyQualifiedName="CRM2013.SkanetrafikenPlugins.queueitem_Post, CRM2013.SkanetrafikenPlugins, Version=6.1.32.0, Culture=neutral, PublicKeyToken=c77f3fa416bb6653" Name="CRM2013.SkanetrafikenPlugins.queueitem_Post">
          <FriendlyName>35423025-221e-40cd-9671-6504aa41478b</FriendlyName>
        </PluginType>
        <PluginType AssemblyQualifiedName="CRM2013.SkanetrafikenPlugins.refund_Post, CRM2013.SkanetrafikenPlugins, Version=6.1.32.0, Culture=neutral, PublicKeyToken=c77f3fa416bb6653" Name="CRM2013.SkanetrafikenPlugins.refund_Post">
          <FriendlyName>4cb3865c-8c89-4e9f-9b35-b391e034fff1</FriendlyName>
        </PluginType>
        <PluginType AssemblyQualifiedName="CRM2013.SkanetrafikenPlugins.refund_Pre, CRM2013.SkanetrafikenPlugins, Version=6.1.32.0, Culture=neutral, PublicKeyToken=c77f3fa416bb6653" Name="CRM2013.SkanetrafikenPlugins.refund_Pre">
          <FriendlyName>e5a2a42a-7429-4ded-b6e1-dfda38517067</FriendlyName>
        </PluginType>
        <PluginType AssemblyQualifiedName="CRM2013.SkanetrafikenPlugins.refund_update, CRM2013.SkanetrafikenPlugins, Version=6.1.32.0, Culture=neutral, PublicKeyToken=c77f3fa416bb6653" Name="CRM2013.SkanetrafikenPlugins.refund_update">
          <FriendlyName>e3bdb90e-7059-464c-ae95-e4be77dca4f7</FriendlyName>
        </PluginType>
        <PluginType AssemblyQualifiedName="CRM2013.SkanetrafikenPlugins.refund_updatePreValidation, CRM2013.SkanetrafikenPlugins, Version=6.1.32.0, Culture=neutral, PublicKeyToken=c77f3fa416bb6653" Name="CRM2013.SkanetrafikenPlugins.refund_updatePreValidation">
          <FriendlyName>964a2e08-ebb0-47e8-8f0e-10c90fc96eba</FriendlyName>
        </PluginType>
        <PluginType AssemblyQualifiedName="CRM2013.SkanetrafikenPlugins.travelinformation_Delete, CRM2013.SkanetrafikenPlugins, Version=6.1.32.0, Culture=neutral, PublicKeyToken=c77f3fa416bb6653" Name="CRM2013.SkanetrafikenPlugins.travelinformation_Delete">
          <FriendlyName>e0f4121a-60b1-477f-9bca-c5ed82197e4b</FriendlyName>
        </PluginType>
        <PluginType AssemblyQualifiedName="CRM2013.SkanetrafikenPlugins.travelinformation_Post, CRM2013.SkanetrafikenPlugins, Version=6.1.32.0, Culture=neutral, PublicKeyToken=c77f3fa416bb6653" Name="CRM2013.SkanetrafikenPlugins.travelinformation_Post">
          <FriendlyName>6d588b39-1dd9-4329-84b2-ae66fc05f562</FriendlyName>
        </PluginType>
      </PluginTypes>
    </PluginAssembly>
  </SolutionPluginAssemblies>
  <Languages>
    <Language>1033</Language>
    <Language>1053</Language>
  </Languages>
</ImportExportXml>