﻿<ImportExportXml version="6.0.0001.0061" SolutionPackageVersion="6.0" languagecode="1033" generatedBy="OnPremise" xmlns:xsi="http://www.w3.org/2001/XMLSchema-instance">
  <SolutionManifest>
    <UniqueName>ClickDimensions</UniqueName>
    <LocalizedNames>
      <LocalizedName description="Click Dimensions" languagecode="1030" />
      <LocalizedName description="ClickDimensions" languagecode="1031" />
      <LocalizedName description="Click Dimensions" languagecode="1033" />
      <LocalizedName description="ClickDimensions" languagecode="1036" />
      <LocalizedName description="ClickDimensions" languagecode="1040" />
      <LocalizedName description="ClickDimensions" languagecode="1043" />
      <LocalizedName description="ClickDimensions" languagecode="1046" />
      <LocalizedName description="ClickDimensions" languagecode="3082" />
    </LocalizedNames>
    <Descriptions>
      <Description description="ClickDimensions er en Marketing Automation løsning til Microsoft Dynamics CRM. ClickDimensions er den letteste metode til at:   - Gøre dine marketing medarbejdere i stand til at generere og kvalificere emner  - Gøre dit salgsteam i stand til at prioritere de bedste leads og salgsmuligheder  - Gøre din ledelse i stand til at måle det hele.  ClickDimensions hjælper dig med at lære mere om dine kunder og emner ved at vise hvad de interesserer sig for på din hjemmeside ligesom det er nemt at lade dem registrere sig via formularer på hjemmesiden når de er klar til at tage kontakt. Vi plejer at sige at vi tilføjer nye dimensioner til dine data i din Microsoft CRM." languagecode="1030" />
      <Description description="ClickDimensions ist ein Marketing- Automation -Lösung für Microsoft Dynamics CRM. ClickDimensions ist der einfachste Weg, um : - Stärken Sie Ihr Marketing zu generieren und qualifizieren hochwertigen Potenzielle Kunden - Bieten Sie Ihren Vertriebsteam die Möglichkeit, die besten Potenzielle Kunden und Chancen zu priorisieren - Lassen Sie Ihr Management , alles zu messen ClickDimensions hilft Ihnen mehr über Ihre Perspektiven durch Sie zeigt , was sie interessiert auf Ihrer Website als auch macht es einfach, Informationen über sie durch Web-Formulare zu erfassen , sobald sie bereit sind, zu teilen. Wir möchten sagen, dass wir neue Dimensionen der Daten hinzufügen, um Ihre Microsoft CRM." languagecode="1031" />
      <Description description="ClickDimensions is a Marketing Automation solution for Microsoft Dynamics CRM. ClickDimensions is the easiest way to:   - Empower your marketers to generate and qualify high quality leads   - Provide your sales team the ability to prioritize the best leads and opportunities   - Allow your management to measure everything  ClickDimensions helps you learn more about your prospects by showing you what interests them on your site as well as making it easy to capture information about them through web forms once they are ready to share. We like to say that we add new dimensions of data to your Microsoft CRM." languagecode="1033" />
      <Description description="ClickDimensions est une solution d'automatisation du marketing pour Microsoft Dynamics CRM . ClickDimensions est la meilleure façon de : - Offrez à vos marketing pour générer et qualifier les clients potentiels de haute qualité - Fournir votre équipe de vente de la capacité à hiérarchiser les meilleurs clients et perspectives - Permettez à votre direction pour mesurer tout ClickDimensions vous aide à en apprendre davantage sur vos perspectives de vous montrant ce qui les intéresse sur votre site ainsi que le rendant facile à capturer des informations à leur sujet par le biais des formulaires Web une fois qu'ils sont prêts à partager . Nous aimons dire que nous ajoutons de nouvelles dimensions de données à votre Microsoft CRM ." languagecode="1036" />
      <Description description="ClickDimensions è una soluzione di Marketing Automation per Microsoft Dynamics CRM. ClickDimensions è il metodo più semplice per:   -  Indurre i venditori a generare e qualificare Lead di elevata qualità   - Fornire al gruppo di vendita la capacità di dare priorità ai Lead e alle opportunità migliori   - Permettere alla direzione di misurare tutto ciò che ClickDimensions permette di conoscere meglio riguardo ai potenziali clienti, mostrando cosa li interessa sul vostro sito, e anche di rendere più agevole catturare informazioni su di loro attraverso web form quando essi le condividano. Ci piace dire di avere aggiunto nuove dimensioni ai data del vostro Microsoft CRM." languagecode="1040" />
      <Description description="ClickDimensions is een Marketing Automation oplossing voor Microsoft Dynamics CRM . ClickDimensions is de makkelijkste manier om : - Geef uw marketeers voor het genereren en kwalificeren van hoge kwaliteit potentiële klanten - Zorg voor uw sales team de mogelijkheid om de beste potentiële klanten en kansen prioriteit - Laat uw management om alles ClickDimensions meten helpt u meer informatie over uw prospects door laten zien wat je interesseert ze op uw site en maken het gemakkelijk om informatie over hen te vangen door middel van webformulieren zodra ze klaar zijn om te delen . We willen zeggen dat we nieuwe dimensies van de gegevens toe te voegen aan uw Microsoft CRM ." languagecode="1043" />
      <Description description="ClickDimensions é uma solução de automação de marketing para o Microsoft Dynamics CRM. ClickDimensions é a maneira mais fácil de : - Capacitar os profissionais de marketing para gerar e qualificar potenciais clientes de alta qualidade - Fornecer sua equipe de vendas a capacidade de priorizar os melhores clientes e oportunidades em potencial - Permita que a sua gestão para medir tudo ClickDimensions ajuda você a aprender mais sobre suas perspectivas de mostrando-lhe o que interessa a eles em seu site, bem como tornando mais fácil para capturar informações sobre eles através de formulários web , uma vez que está pronto para compartilhar . Nós gostamos de dizer que nós adicionar novas dimensões de dados para o Microsoft CRM." languagecode="1046" />
      <Description description="ClickDimensions es una solución de automatización de marketing de Microsoft Dynamics CRM. ClickDimensions es la forma más fácil de : - Proporcione a sus vendedores para generar y calificar clientes potenciales de alta calidad - Proporcione a su equipo de ventas de la capacidad de priorizar los mejores clientes potenciales y oportunidades - Permita que su gestión para medir todo ClickDimensions ayuda a aprender más acerca de sus perspectivas de mostrando que lo que les interesa en su sitio, así que es fácil para capturar información sobre ellos a través de los formularios web una vez que estén listos para compartir . Nos gusta decir que añadimos nuevas dimensiones de datos para su Microsoft CRM." languagecode="3082" />
    </Descriptions>
    <Version>8.0.2</Version>
    <Managed>1</Managed>
    <Publisher>
      <UniqueName>clickdimensions</UniqueName>
      <LocalizedNames>
        <LocalizedName description="Click Dimensions" languagecode="1030" />
        <LocalizedName description="Click Dimensions" languagecode="1031" />
        <LocalizedName description="Click Dimensions" languagecode="1033" />
        <LocalizedName description="Click Dimensions" languagecode="1036" />
        <LocalizedName description="Click Dimensions" languagecode="1040" />
        <LocalizedName description="Click Dimensions" languagecode="1043" />
        <LocalizedName description="Click Dimensions" languagecode="1046" />
        <LocalizedName description="Click Dimensions" languagecode="3082" />
      </LocalizedNames>
      <Descriptions>
        <Description description="Click Dimensions" languagecode="1030" />
        <Description description="Click Dimensions" languagecode="1031" />
        <Description description="Click Dimensions" languagecode="1033" />
        <Description description="Click Dimensions" languagecode="1036" />
        <Description description="Click Dimensions" languagecode="1040" />
        <Description description="Click Dimensions" languagecode="1043" />
        <Description description="Click Dimensions" languagecode="1046" />
        <Description description="Click Dimensions" languagecode="3082" />
      </Descriptions>
      <EMailAddress>Support@ClickDimensions.com</EMailAddress>
      <SupportingWebsiteUrl>http://www.ClickDimensions.com</SupportingWebsiteUrl>
      <CustomizationPrefix>cdi</CustomizationPrefix>
      <CustomizationOptionValuePrefix>10000</CustomizationOptionValuePrefix>
      <Addresses>
        <Address>
          <AddressNumber>1</AddressNumber>
          <AddressTypeCode>1</AddressTypeCode>
          <City>Sandy Springs</City>
          <County xsi:nil="true"></County>
          <Country>United States</Country>
          <Fax xsi:nil="true"></Fax>
          <FreightTermsCode xsi:nil="true"></FreightTermsCode>
          <ImportSequenceNumber xsi:nil="true"></ImportSequenceNumber>
          <Latitude xsi:nil="true"></Latitude>
          <Line1>6849 Peachtree Dunwoody Rd Bldg B-1, Ste 200</Line1>
          <Line2 xsi:nil="true"></Line2>
          <Line3 xsi:nil="true"></Line3>
          <Longitude xsi:nil="true"></Longitude>
          <Name xsi:nil="true"></Name>
          <PostalCode>30328</PostalCode>
          <PostOfficeBox xsi:nil="true"></PostOfficeBox>
          <PrimaryContactName xsi:nil="true"></PrimaryContactName>
          <ShippingMethodCode>1</ShippingMethodCode>
          <StateOrProvince>GA</StateOrProvince>
          <Telephone1>+1 (888) 214-4228</Telephone1>
          <Telephone2 xsi:nil="true"></Telephone2>
          <Telephone3 xsi:nil="true"></Telephone3>
          <TimeZoneRuleVersionNumber xsi:nil="true"></TimeZoneRuleVersionNumber>
          <UPSZone xsi:nil="true"></UPSZone>
          <UTCOffset xsi:nil="true"></UTCOffset>
          <UTCConversionTimeZoneCode xsi:nil="true"></UTCConversionTimeZoneCode>
        </Address>
        <Address>
          <AddressNumber>2</AddressNumber>
          <AddressTypeCode>1</AddressTypeCode>
          <City xsi:nil="true"></City>
          <County xsi:nil="true"></County>
          <Country xsi:nil="true"></Country>
          <Fax xsi:nil="true"></Fax>
          <FreightTermsCode xsi:nil="true"></FreightTermsCode>
          <ImportSequenceNumber xsi:nil="true"></ImportSequenceNumber>
          <Latitude xsi:nil="true"></Latitude>
          <Line1 xsi:nil="true"></Line1>
          <Line2 xsi:nil="true"></Line2>
          <Line3 xsi:nil="true"></Line3>
          <Longitude xsi:nil="true"></Longitude>
          <Name xsi:nil="true"></Name>
          <PostalCode xsi:nil="true"></PostalCode>
          <PostOfficeBox xsi:nil="true"></PostOfficeBox>
          <PrimaryContactName xsi:nil="true"></PrimaryContactName>
          <ShippingMethodCode>1</ShippingMethodCode>
          <StateOrProvince xsi:nil="true"></StateOrProvince>
          <Telephone1 xsi:nil="true"></Telephone1>
          <Telephone2 xsi:nil="true"></Telephone2>
          <Telephone3 xsi:nil="true"></Telephone3>
          <TimeZoneRuleVersionNumber xsi:nil="true"></TimeZoneRuleVersionNumber>
          <UPSZone xsi:nil="true"></UPSZone>
          <UTCOffset xsi:nil="true"></UTCOffset>
          <UTCConversionTimeZoneCode xsi:nil="true"></UTCConversionTimeZoneCode>
        </Address>
      </Addresses>
    </Publisher>
    <RootComponents>
      <RootComponent type="1" schemaName="account" />
      <RootComponent type="1" schemaName="campaign" />
      <RootComponent type="1" schemaName="cdi_anonymousvisitor" />
      <RootComponent type="1" schemaName="cdi_automation" />
      <RootComponent type="1" schemaName="cdi_bulktxtmessage" />
      <RootComponent type="1" schemaName="cdi_category" />
      <RootComponent type="1" schemaName="cdi_domain" />
      <RootComponent type="1" schemaName="cdi_emailcname" />
      <RootComponent type="1" schemaName="cdi_emailevent" />
      <RootComponent type="1" schemaName="cdi_emailsend" />
      <RootComponent type="1" schemaName="cdi_emailtemplate" />
      <RootComponent type="1" schemaName="cdi_event" />
      <RootComponent type="1" schemaName="cdi_eventparticipation" />
      <RootComponent type="1" schemaName="cdi_excludedemail" />
      <RootComponent type="1" schemaName="cdi_executesend" />
      <RootComponent type="1" schemaName="cdi_filter" />
      <RootComponent type="1" schemaName="cdi_formcapture" />
      <RootComponent type="1" schemaName="cdi_formcapturefield" />
      <RootComponent type="1" schemaName="cdi_formfield" />
      <RootComponent type="1" schemaName="cdi_import" />
      <RootComponent type="1" schemaName="cdi_importlog" />
      <RootComponent type="1" schemaName="cdi_iporganization" />
      <RootComponent type="1" schemaName="cdi_nurturebuilder" />
      <RootComponent type="1" schemaName="cdi_optionmapping" />
      <RootComponent type="1" schemaName="cdi_pageview" />
      <RootComponent type="1" schemaName="cdi_postedfield" />
      <RootComponent type="1" schemaName="cdi_postedform" />
      <RootComponent type="1" schemaName="cdi_postedsubscription" />
      <RootComponent type="1" schemaName="cdi_postedsurvey" />
      <RootComponent type="1" schemaName="cdi_profile" />
      <RootComponent type="1" schemaName="cdi_runnurture" />
      <RootComponent type="1" schemaName="cdi_sendemail" />
      <RootComponent type="1" schemaName="cdi_sentemail" />
      <RootComponent type="1" schemaName="cdi_setting" />
      <RootComponent type="1" schemaName="cdi_subscriptionlist" />
      <RootComponent type="1" schemaName="cdi_subscriptionpreference" />
      <RootComponent type="1" schemaName="cdi_surveyanswer" />
      <RootComponent type="1" schemaName="cdi_surveyquestion" />
      <RootComponent type="1" schemaName="cdi_txtmessage" />
      <RootComponent type="1" schemaName="cdi_unsubscribe" />
      <RootComponent type="1" schemaName="cdi_visit" />
      <RootComponent type="1" schemaName="cdi_webcontent" />
      <RootComponent type="1" schemaName="contact" />
      <RootComponent type="1" schemaName="lead" />
      <RootComponent type="1" schemaName="list" />
      <RootComponent type="1" schemaName="mailmergetemplate" />
      <RootComponent type="1" schemaName="systemuser" />
      <RootComponent type="1" schemaName="team" />
      <RootComponent type="20" id="{0c3441a7-f94a-e011-8da0-1cc1de798391}" />
      <RootComponent type="20" id="{93c236ab-2352-e411-9401-00155d516cff}" />
      <RootComponent type="20" id="{b7afe19f-1772-e011-87ba-1cc1dee89a95}" />
      <RootComponent type="20" id="{fe346e93-872c-e011-87cf-1cc1dee8daa5}" />
      <RootComponent type="29" id="{0b7f782c-6ba2-41de-9620-1fcb2489b4b7}" />
      <RootComponent type="29" id="{39fa2731-5dd9-4529-a228-80fc7a5233ee}" />
      <RootComponent type="29" id="{5d49f9d9-fa44-406c-9a64-1e6085bd407b}" />
      <RootComponent type="29" id="{82c5982f-4021-4db7-9980-22916c3b8296}" />
      <RootComponent type="29" id="{bce12561-f239-4e76-8933-ce6c6678d8bb}" />
      <RootComponent type="31" id="{1986e5b3-aa48-e011-8da0-1cc1de798391}" />
      <RootComponent type="31" id="{d9c3e5a6-aa48-e011-8da0-1cc1de798391}" />
      <RootComponent type="50" schemaName=":RibbonDiffXml" />
      <RootComponent type="60" id="{12c15371-aa30-e011-8c2a-1cc1dee8daa5}" />
      <RootComponent type="60" id="{3047597b-9430-e011-8c2a-1cc1dee8daa5}" />
      <RootComponent type="61" schemaName="cdi_anonymous16" />
      <RootComponent type="61" schemaName="cdi_anonymous32" />
      <RootComponent type="61" schemaName="cdi_anonymous66" />
      <RootComponent type="61" schemaName="cdi_automation16" />
      <RootComponent type="61" schemaName="cdi_automation32" />
      <RootComponent type="61" schemaName="cdi_automationOnLoad" />
      <RootComponent type="61" schemaName="cdi_automationOpenCanvas" />
      <RootComponent type="61" schemaName="cdi_barreport16" />
      <RootComponent type="61" schemaName="cdi_barreport32" />
      <RootComponent type="61" schemaName="cdi_blank" />
      <RootComponent type="61" schemaName="cdi_bulksms16" />
      <RootComponent type="61" schemaName="cdi_bulksms32" />
      <RootComponent type="61" schemaName="cdi_campaignautomationicon2013_16" />
      <RootComponent type="61" schemaName="cdi_campaignautomationicon2013_32" />
      <RootComponent type="61" schemaName="cdi_capture16" />
      <RootComponent type="61" schemaName="cdi_capture32" />
      <RootComponent type="61" schemaName="cdi_capture66" />
      <RootComponent type="61" schemaName="cdi_capturefield16" />
      <RootComponent type="61" schemaName="cdi_capturefield32" />
      <RootComponent type="61" schemaName="cdi_capturefield66" />
      <RootComponent type="61" schemaName="cdi_category16" />
      <RootComponent type="61" schemaName="cdi_category32" />
      <RootComponent type="61" schemaName="cdi_cdsettings32x32" />
      <RootComponent type="61" schemaName="cdi_clickdimensionsicon" />
      <RootComponent type="61" schemaName="cdi_clickicon" />
      <RootComponent type="61" schemaName="cdi_clone16" />
      <RootComponent type="61" schemaName="cdi_clone32" />
      <RootComponent type="61" schemaName="cdi_design16" />
      <RootComponent type="61" schemaName="cdi_design32" />
      <RootComponent type="61" schemaName="cdi_domain16" />
      <RootComponent type="61" schemaName="cdi_domain32" />
      <RootComponent type="61" schemaName="cdi_domain66" />
      <RootComponent type="61" schemaName="cdi_eevent16" />
      <RootComponent type="61" schemaName="cdi_eevent66" />
      <RootComponent type="61" schemaName="cdi_eexclude16" />
      <RootComponent type="61" schemaName="cdi_eexclude32" />
      <RootComponent type="61" schemaName="cdi_eexclude66" />
      <RootComponent type="61" schemaName="cdi_emailcname16X16" />
      <RootComponent type="61" schemaName="cdi_emailcname32X32" />
      <RootComponent type="61" schemaName="cdi_emailevent32" />
      <RootComponent type="61" schemaName="cdi_emailsend32" />
      <RootComponent type="61" schemaName="cdi_emailsendonload" />
      <RootComponent type="61" schemaName="cdi_emailsendstatus" />
      <RootComponent type="61" schemaName="cdi_emailsendstatusrefresh" />
      <RootComponent type="61" schemaName="cdi_emailstatistics16" />
      <RootComponent type="61" schemaName="cdi_emailtemplate" />
      <RootComponent type="61" schemaName="cdi_emailtemplatescript" />
      <RootComponent type="61" schemaName="cdi_emailtest16" />
      <RootComponent type="61" schemaName="cdi_emailtest32" />
      <RootComponent type="61" schemaName="cdi_embed16" />
      <RootComponent type="61" schemaName="cdi_embed32" />
      <RootComponent type="61" schemaName="cdi_esend16" />
      <RootComponent type="61" schemaName="cdi_esend66" />
      <RootComponent type="61" schemaName="cdi_esent16" />
      <RootComponent type="61" schemaName="cdi_esent32" />
      <RootComponent type="61" schemaName="cdi_esent66" />
      <RootComponent type="61" schemaName="cdi_etemplate16" />
      <RootComponent type="61" schemaName="cdi_etemplate66" />
      <RootComponent type="61" schemaName="cdi_event16" />
      <RootComponent type="61" schemaName="cdi_event32" />
      <RootComponent type="61" schemaName="cdi_eventonload" />
      <RootComponent type="61" schemaName="cdi_eventparticipationsonload" />
      <RootComponent type="61" schemaName="cdi_field16" />
      <RootComponent type="61" schemaName="cdi_field66" />
      <RootComponent type="61" schemaName="cdi_filter16" />
      <RootComponent type="61" schemaName="cdi_filter32" />
      <RootComponent type="61" schemaName="cdi_filter66" />
      <RootComponent type="61" schemaName="cdi_formcapturefieldscript" />
      <RootComponent type="61" schemaName="cdi_formfield32" />
      <RootComponent type="61" schemaName="cdi_FormField_Script" />
      <RootComponent type="61" schemaName="cdi_fullscreen16" />
      <RootComponent type="61" schemaName="cdi_fullscreen32" />
      <RootComponent type="61" schemaName="cdi_HeatMap16" />
      <RootComponent type="61" schemaName="cdi_HeatMapIcon32" />
      <RootComponent type="61" schemaName="cdi_htmlpreview" />
      <RootComponent type="61" schemaName="cdi_import16" />
      <RootComponent type="61" schemaName="cdi_import32" />
      <RootComponent type="61" schemaName="cdi_importjs" />
      <RootComponent type="61" schemaName="cdi_iporg16" />
      <RootComponent type="61" schemaName="cdi_iporg32" />
      <RootComponent type="61" schemaName="cdi_iporg66" />
      <RootComponent type="61" schemaName="cdi_jquery" />
      <RootComponent type="61" schemaName="cdi_nurture16" />
      <RootComponent type="61" schemaName="cdi_nurture32" />
      <RootComponent type="61" schemaName="cdi_nurture32x32" />
      <RootComponent type="61" schemaName="cdi_Nurture66" />
      <RootComponent type="61" schemaName="cdi_nurtureinstance16" />
      <RootComponent type="61" schemaName="cdi_nurtureinstance32" />
      <RootComponent type="61" schemaName="cdi_nurtureinstance66" />
      <RootComponent type="61" schemaName="cdi_nurturejs" />
      <RootComponent type="61" schemaName="cdi_option32" />
      <RootComponent type="61" schemaName="cdi_OptionMapping_Script" />
      <RootComponent type="61" schemaName="cdi_options16" />
      <RootComponent type="61" schemaName="cdi_options66" />
      <RootComponent type="61" schemaName="cdi_outlook16" />
      <RootComponent type="61" schemaName="cdi_outlook32" />
      <RootComponent type="61" schemaName="cdi_postedfield16" />
      <RootComponent type="61" schemaName="cdi_postedfields32x32" />
      <RootComponent type="61" schemaName="cdi_postedform16" />
      <RootComponent type="61" schemaName="cdi_postedform32" />
      <RootComponent type="61" schemaName="cdi_postedform66" />
      <RootComponent type="61" schemaName="cdi_postedsubs16" />
      <RootComponent type="61" schemaName="cdi_postedsubs32" />
      <RootComponent type="61" schemaName="cdi_postedsubs66" />
      <RootComponent type="61" schemaName="cdi_postedsubscriptions32x32" />
      <RootComponent type="61" schemaName="cdi_postedsurvey16" />
      <RootComponent type="61" schemaName="cdi_postedsurvey32" />
      <RootComponent type="61" schemaName="cdi_postedsurvey66" />
      <RootComponent type="61" schemaName="cdi_postedsurveys32x32" />
      <RootComponent type="61" schemaName="cdi_profile16" />
      <RootComponent type="61" schemaName="cdi_profile32" />
      <RootComponent type="61" schemaName="cdi_profile66" />
      <RootComponent type="61" schemaName="cdi_publishwc" />
      <RootComponent type="61" schemaName="cdi_publishwc16" />
      <RootComponent type="61" schemaName="cdi_pv16" />
      <RootComponent type="61" schemaName="cdi_pv32" />
      <RootComponent type="61" schemaName="cdi_pv66" />
      <RootComponent type="61" schemaName="cdi_quicksend16" />
      <RootComponent type="61" schemaName="cdi_quicksend32" />
      <RootComponent type="61" schemaName="cdi_settings" />
      <RootComponent type="61" schemaName="cdi_settings16" />
      <RootComponent type="61" schemaName="cdi_settings32" />
      <RootComponent type="61" schemaName="cdi_settings66" />
      <RootComponent type="61" schemaName="cdi_sms16" />
      <RootComponent type="61" schemaName="cdi_sms32" />
      <RootComponent type="61" schemaName="cdi_splittest16" />
      <RootComponent type="61" schemaName="cdi_splittest32" />
      <RootComponent type="61" schemaName="cdi_splittest48" />
      <RootComponent type="61" schemaName="cdi_subscriptionlists32x32" />
      <RootComponent type="61" schemaName="cdi_subscriptionpreferences32x32" />
      <RootComponent type="61" schemaName="cdi_subslist16" />
      <RootComponent type="61" schemaName="cdi_subslist32" />
      <RootComponent type="61" schemaName="cdi_subslist66" />
      <RootComponent type="61" schemaName="cdi_subspref16" />
      <RootComponent type="61" schemaName="cdi_subspref32" />
      <RootComponent type="61" schemaName="cdi_subspref66" />
      <RootComponent type="61" schemaName="cdi_survey66" />
      <RootComponent type="61" schemaName="cdi_surveya16" />
      <RootComponent type="61" schemaName="cdi_surveya32" />
      <RootComponent type="61" schemaName="cdi_surveyanswers32x32" />
      <RootComponent type="61" schemaName="cdi_surveyq16" />
      <RootComponent type="61" schemaName="cdi_surveyq32" />
      <RootComponent type="61" schemaName="cdi_surveyq66" />
      <RootComponent type="61" schemaName="cdi_surveyquestion" />
      <RootComponent type="61" schemaName="cdi_surveyquestions32x32" />
      <RootComponent type="61" schemaName="cdi_TextMessageScript" />
      <RootComponent type="61" schemaName="cdi_unsub16" />
      <RootComponent type="61" schemaName="cdi_unsub32" />
      <RootComponent type="61" schemaName="cdi_unsub66" />
      <RootComponent type="61" schemaName="cdi_visit16" />
      <RootComponent type="61" schemaName="cdi_visit32" />
      <RootComponent type="61" schemaName="cdi_visit66" />
      <RootComponent type="61" schemaName="cdi_visitorprofile" />
      <RootComponent type="61" schemaName="cdi_webcontent16" />
      <RootComponent type="61" schemaName="cdi_webcontent32" />
      <RootComponent type="61" schemaName="cdi_webcontent32x32" />
      <RootComponent type="61" schemaName="cdi_webcontent66" />
      <RootComponent type="61" schemaName="cdi_WebContentJs" />
      <RootComponent type="61" schemaName="new_eventp16" />
      <RootComponent type="61" schemaName="new_eventp32" />
      <RootComponent type="62" />
      <RootComponent type="91" schemaName="ClickDimensions.Crm.MsCrm2011Plugins, Version=1.0.0.0, Culture=neutral, PublicKeyToken=affc258cd0ae7dfd" />
      <RootComponent type="91" schemaName="UpdateMarketingListMembers.Workflow, Version=1.0.0.2, Culture=neutral, PublicKeyToken=8439108c689ef9f9" />
      <RootComponent type="92" id="{0631dbbc-5512-e011-93aa-78e7d1622967}" />
      <RootComponent type="92" id="{10f92176-5512-e011-93aa-78e7d1622967}" />
      <RootComponent type="92" id="{122402d8-5584-e511-9408-00155d516cff}" />
      <RootComponent type="92" id="{12b011b3-7e60-e111-b398-1cc1dee8ea01}" />
      <RootComponent type="92" id="{1b604933-5512-e011-93aa-78e7d1622967}" />
      <RootComponent type="92" id="{21d241ce-5584-e511-9408-00155d516cff}" />
      <RootComponent type="92" id="{24233b8e-5412-e011-93aa-78e7d1622967}" />
      <RootComponent type="92" id="{24df0d1d-5512-e011-93aa-78e7d1622967}" />
      <RootComponent type="92" id="{26682a8b-5512-e011-93aa-78e7d1622967}" />
      <RootComponent type="92" id="{41ad2ac3-5412-e011-93aa-78e7d1622967}" />
      <RootComponent type="92" id="{55b342b6-5412-e011-93aa-78e7d1622967}" />
      <RootComponent type="92" id="{751bb114-5412-e011-93aa-78e7d1622967}" />
      <RootComponent type="92" id="{7ab0d4e2-5512-e011-93aa-78e7d1622967}" />
      <RootComponent type="92" id="{7abd2cab-7e60-e111-b398-1cc1dee8ea01}" />
      <RootComponent type="92" id="{7e93a86a-5512-e011-93aa-78e7d1622967}" />
      <RootComponent type="92" id="{81f66313-0d52-e411-9401-00155d516cff}" />
      <RootComponent type="92" id="{91af84f3-5412-e011-93aa-78e7d1622967}" />
      <RootComponent type="92" id="{94ceb109-3625-e211-8e48-78e3b50834e7}" />
      <RootComponent type="92" id="{953d38c6-5512-e011-93aa-78e7d1622967}" />
      <RootComponent type="92" id="{9833d828-5512-e011-93aa-78e7d1622967}" />
      <RootComponent type="92" id="{985e0743-5512-e011-93aa-78e7d1622967}" />
      <RootComponent type="92" id="{9c0ea19d-5412-e011-93aa-78e7d1622967}" />
      <RootComponent type="92" id="{a455b31d-0d52-e411-9401-00155d516cff}" />
      <RootComponent type="92" id="{aa9a66ce-eeab-e011-95f9-1cc1dee8ea01}" />
      <RootComponent type="92" id="{ae606d08-5412-e011-93aa-78e7d1622967}" />
      <RootComponent type="92" id="{b17978ba-7e60-e111-b398-1cc1dee8ea01}" />
      <RootComponent type="92" id="{b1f0335f-5512-e011-93aa-78e7d1622967}" />
      <RootComponent type="92" id="{b22d3bf4-5312-e011-93aa-78e7d1622967}" />
      <RootComponent type="92" id="{bb29b853-5512-e011-93aa-78e7d1622967}" />
      <RootComponent type="92" id="{bbe66700-5512-e011-93aa-78e7d1622967}" />
      <RootComponent type="92" id="{c38c298a-926e-e111-b48f-1cc1dee8ea01}" />
      <RootComponent type="92" id="{c71a9796-5412-e011-93aa-78e7d1622967}" />
      <RootComponent type="92" id="{c7923cb4-5512-e011-93aa-78e7d1622967}" />
      <RootComponent type="92" id="{cea55c7d-5312-e011-8519-78e7d162ee67}" />
      <RootComponent type="92" id="{d03543cf-ff95-e011-8e04-1cc1dee8ea01}" />
      <RootComponent type="92" id="{dac31b43-57bf-e511-9408-00155d516cff}" />
      <RootComponent type="92" id="{e1c1f449-5512-e011-93aa-78e7d1622967}" />
      <RootComponent type="92" id="{f0d92f15-3625-e211-8e48-78e3b50834e7}" />
      <RootComponent type="92" id="{ff2d8ac3-5584-e511-9408-00155d516cff}" />
    </RootComponents>
    <MissingDependencies>
      <MissingDependency>
        <Required key="0" type="9" schemaName="reportcategory_categorycode" displayName="Category" solution="System" />
        <Dependent key="1" type="31" displayName="ClickDimensions Email Clicks" id="{d9c3e5a6-aa48-e011-8da0-1cc1de798391}" />
      </MissingDependency>
      <MissingDependency>
        <Required key="2" type="1" schemaName="incident" displayName="Case" solution="System" />
        <Dependent key="3" type="10" schemaName="cdi_incident_cdi_surveyanswer" />
      </MissingDependency>
      <MissingDependency>
        <Required key="2" type="1" schemaName="incident" displayName="Case" solution="System" />
        <Dependent key="4" type="10" schemaName="cdi_incident_cdi_postedsurvey" />
      </MissingDependency>
      <MissingDependency>
        <Required key="5" type="20" displayName="System Customizer" solution="System" id="{1f69f793-7213-e411-93ff-00155d516cff}" parentId="{119f245c-3cc8-4b62-b31c-d1a046ced15d}" />
        <Dependent key="6" type="60" parentDisplayName="Sent Email" id="{c2db7524-fea9-4fad-af22-8ded58dbe2ac}" />
      </MissingDependency>
      <MissingDependency>
        <Required key="5" type="20" displayName="System Customizer" solution="System" id="{1f69f793-7213-e411-93ff-00155d516cff}" parentId="{119f245c-3cc8-4b62-b31c-d1a046ced15d}" />
        <Dependent key="7" type="60" parentDisplayName="Lead" id="{d62c3c48-7aee-4ab7-8550-b6a0f922987e}" />
      </MissingDependency>
      <MissingDependency>
        <Required key="5" type="20" displayName="System Customizer" solution="System" id="{1f69f793-7213-e411-93ff-00155d516cff}" parentId="{119f245c-3cc8-4b62-b31c-d1a046ced15d}" />
        <Dependent key="8" type="60" parentDisplayName="Contact" id="{ec6a06d0-d3e3-4085-b231-c2e20dac64ac}" />
      </MissingDependency>
      <MissingDependency>
        <Required key="9" type="26" schemaName="Campaign Responses" displayName="Campaign Responses" parentSchemaName="campaignresponse" parentDisplayName="Campaign Response" solution="System" id="{d92f939d-c780-e211-90f7-00155d89bb01}" />
        <Dependent key="10" type="60" parentDisplayName="Campaign" id="{6356ff2a-bbbe-49fb-9da2-160b08865688}" />
      </MissingDependency>
      <MissingDependency>
        <Required key="11" type="26" schemaName="Recent Opportunities" displayName="Recent Opportunities" parentSchemaName="opportunity" parentDisplayName="Opportunity" solution="System" id="{9c3f7ee8-eca7-e211-9fb6-00155dd0ea05}" />
        <Dependent key="12" type="60" parentDisplayName="Contact" id="{1fed44d1-ae68-4a41-bd2b-f13acac4acfa}" />
      </MissingDependency>
      <MissingDependency>
        <Required key="11" type="26" schemaName="Recent Opportunities" displayName="Recent Opportunities" parentSchemaName="opportunity" parentDisplayName="Opportunity" solution="System" id="{9c3f7ee8-eca7-e211-9fb6-00155dd0ea05}" />
        <Dependent key="8" type="60" parentDisplayName="Contact" id="{ec6a06d0-d3e3-4085-b231-c2e20dac64ac}" />
      </MissingDependency>
      <MissingDependency>
        <Required key="13" type="26" schemaName="Recent Cases" displayName="Recent Cases" parentSchemaName="incident" parentDisplayName="Case" solution="System" id="{ebd1d24a-eea7-e211-9fb6-00155dd0ea05}" />
        <Dependent key="8" type="60" parentDisplayName="Contact" id="{ec6a06d0-d3e3-4085-b231-c2e20dac64ac}" />
      </MissingDependency>
      <MissingDependency>
        <Required key="13" type="26" schemaName="Recent Cases" displayName="Recent Cases" parentSchemaName="incident" parentDisplayName="Case" solution="System" id="{ebd1d24a-eea7-e211-9fb6-00155dd0ea05}" />
        <Dependent key="12" type="60" parentDisplayName="Contact" id="{1fed44d1-ae68-4a41-bd2b-f13acac4acfa}" />
      </MissingDependency>
      <MissingDependency>
        <Required key="14" type="26" schemaName="Campaign Activities" displayName="Campaign Activities" parentSchemaName="campaignactivity" parentDisplayName="Campaign Activity" solution="System" id="{491eec53-c380-e211-90f7-00155d89bb01}" />
        <Dependent key="10" type="60" parentDisplayName="Campaign" id="{6356ff2a-bbbe-49fb-9da2-160b08865688}" />
      </MissingDependency>
      <MissingDependency>
        <Required key="15" type="26" schemaName="Open Activities" displayName="Open Activities" parentSchemaName="activitypointer" parentDisplayName="Activity" solution="System" id="{00000000-0000-0000-00aa-000010001900}" />
        <Dependent key="16" type="60" parentDisplayName="Lead" id="{9886ead0-4fcc-4747-9a18-08e7a9a6de71}" />
      </MissingDependency>
      <MissingDependency>
        <Required key="15" type="26" schemaName="Open Activities" displayName="Open Activities" parentSchemaName="activitypointer" parentDisplayName="Activity" solution="System" id="{00000000-0000-0000-00aa-000010001900}" />
        <Dependent key="17" type="60" parentDisplayName="Contact" id="{894cc46a-b0cb-4ab0-8bf6-200544e46a2d}" />
      </MissingDependency>
      <MissingDependency>
        <Required key="15" type="26" schemaName="Open Activities" displayName="Open Activities" parentSchemaName="activitypointer" parentDisplayName="Activity" solution="System" id="{00000000-0000-0000-00aa-000010001900}" />
        <Dependent key="18" type="60" parentDisplayName="Account" id="{b053a39a-041a-4356-acef-ddf00182762b}" />
      </MissingDependency>
      <MissingDependency>
        <Required key="19" type="26" schemaName="All Competitors (summary)" displayName="All Competitors (summary)" parentSchemaName="competitor" parentDisplayName="Competitor" solution="System" id="{57bca9ac-87a0-4c28-adc8-2d0a4645f29e}" />
        <Dependent key="7" type="60" parentDisplayName="Lead" id="{d62c3c48-7aee-4ab7-8550-b6a0f922987e}" />
      </MissingDependency>
      <MissingDependency>
        <Required key="19" type="26" schemaName="All Competitors (summary)" displayName="All Competitors (summary)" parentSchemaName="competitor" parentDisplayName="Competitor" solution="System" id="{57bca9ac-87a0-4c28-adc8-2d0a4645f29e}" />
        <Dependent key="20" type="60" parentDisplayName="Lead" id="{e3b6ddb7-8df0-4410-ac7b-fd32e5053d38}" />
      </MissingDependency>
      <MissingDependency>
        <Required key="21" type="26" schemaName="Active Services" displayName="Active Services" parentSchemaName="service" parentDisplayName="Service" solution="System" id="{2bd4de5e-a7b4-4f5d-8fde-eb3b62d8e2b2}" />
        <Dependent key="18" type="60" parentDisplayName="Account" id="{b053a39a-041a-4356-acef-ddf00182762b}" />
      </MissingDependency>
      <MissingDependency>
        <Required key="21" type="26" schemaName="Active Services" displayName="Active Services" parentSchemaName="service" parentDisplayName="Service" solution="System" id="{2bd4de5e-a7b4-4f5d-8fde-eb3b62d8e2b2}" />
        <Dependent key="17" type="60" parentDisplayName="Contact" id="{894cc46a-b0cb-4ab0-8bf6-200544e46a2d}" />
      </MissingDependency>
      <MissingDependency>
        <Required key="22" type="26" schemaName="All Stakeholders" displayName="All Stakeholders" parentSchemaName="connection" parentDisplayName="Connection" solution="System" id="{4e3600fa-b9c8-49f4-b69a-51eba06d9bdf}" />
        <Dependent key="7" type="60" parentDisplayName="Lead" id="{d62c3c48-7aee-4ab7-8550-b6a0f922987e}" />
      </MissingDependency>
      <MissingDependency>
        <Required key="22" type="26" schemaName="All Stakeholders" displayName="All Stakeholders" parentSchemaName="connection" parentDisplayName="Connection" solution="System" id="{4e3600fa-b9c8-49f4-b69a-51eba06d9bdf}" />
        <Dependent key="20" type="60" parentDisplayName="Lead" id="{e3b6ddb7-8df0-4410-ac7b-fd32e5053d38}" />
      </MissingDependency>
      <MissingDependency>
        <Required key="23" type="59" schemaName="Top Customers" displayName="Top Customers" parentSchemaName="opportunity" parentDisplayName="Opportunity" solution="System" id="{8bc5fb18-48f2-4782-9e16-3d452fa4ddce}" />
        <Dependent key="8" type="60" parentDisplayName="Contact" id="{ec6a06d0-d3e3-4085-b231-c2e20dac64ac}" />
      </MissingDependency>
      <MissingDependency>
        <Required key="23" type="59" schemaName="Top Customers" displayName="Top Customers" parentSchemaName="opportunity" parentDisplayName="Opportunity" solution="System" id="{8bc5fb18-48f2-4782-9e16-3d452fa4ddce}" />
        <Dependent key="12" type="60" parentDisplayName="Contact" id="{1fed44d1-ae68-4a41-bd2b-f13acac4acfa}" />
      </MissingDependency>
      <MissingDependency>
        <Required key="24" type="59" schemaName="Case Mix (By Business Unit)" displayName="Case Mix (By Business Unit)" parentSchemaName="incident" parentDisplayName="Case" solution="System" id="{f10375a6-4893-de11-97d4-00155da3b01e}" />
        <Dependent key="12" type="60" parentDisplayName="Contact" id="{1fed44d1-ae68-4a41-bd2b-f13acac4acfa}" />
      </MissingDependency>
      <MissingDependency>
        <Required key="25" type="61" schemaName="msdyn_/PersonalWall.htm" displayName="msdyn_/PersonalWall.htm" solution="ActivityFeedsCore (6.0.1.61)" />
        <Dependent key="26" type="62" id="{12fcb607-7313-e411-93ff-00155d516cff}" />
      </MissingDependency>
      <MissingDependency>
        <Required key="27" type="61" schemaName="msdyn_/RecordWall.htm" displayName="msdyn_/RecordWall.htm" solution="ActivityFeedsCore (6.0.1.61)" />
        <Dependent key="28" type="60" parentDisplayName="User" id="{c0d7d7dd-afd0-4675-85fe-1cc5a48be6df}" />
      </MissingDependency>
      <MissingDependency>
        <Required key="27" type="61" schemaName="msdyn_/RecordWall.htm" displayName="msdyn_/RecordWall.htm" solution="ActivityFeedsCore (6.0.1.61)" />
        <Dependent key="18" type="60" parentDisplayName="Account" id="{b053a39a-041a-4356-acef-ddf00182762b}" />
      </MissingDependency>
      <MissingDependency>
        <Required key="27" type="61" schemaName="msdyn_/RecordWall.htm" displayName="msdyn_/RecordWall.htm" solution="ActivityFeedsCore (6.0.1.61)" />
        <Dependent key="16" type="60" parentDisplayName="Lead" id="{9886ead0-4fcc-4747-9a18-08e7a9a6de71}" />
      </MissingDependency>
      <MissingDependency>
        <Required key="27" type="61" schemaName="msdyn_/RecordWall.htm" displayName="msdyn_/RecordWall.htm" solution="ActivityFeedsCore (6.0.1.61)" />
        <Dependent key="17" type="60" parentDisplayName="Contact" id="{894cc46a-b0cb-4ab0-8bf6-200544e46a2d}" />
      </MissingDependency>
      <MissingDependency>
        <Required key="29" type="61" schemaName="msdyn_/Images/Wall_16.png" displayName="msdyn_/Images/Wall_16.png" solution="ActivityFeedsCore (6.0.1.61)" />
        <Dependent key="26" type="62" id="{12fcb607-7313-e411-93ff-00155d516cff}" />
      </MissingDependency>
      <MissingDependency>
        <Required key="30" type="61" schemaName="msdyn_/ActivityFeeds.Form.js" displayName="msdyn_/ActivityFeeds.Form.js" solution="ActivityFeedsCore (6.0.1.61)" />
        <Dependent key="16" type="60" parentDisplayName="Lead" id="{9886ead0-4fcc-4747-9a18-08e7a9a6de71}" />
      </MissingDependency>
      <MissingDependency>
        <Required key="30" type="61" schemaName="msdyn_/ActivityFeeds.Form.js" displayName="msdyn_/ActivityFeeds.Form.js" solution="ActivityFeedsCore (6.0.1.61)" />
        <Dependent key="18" type="60" parentDisplayName="Account" id="{b053a39a-041a-4356-acef-ddf00182762b}" />
      </MissingDependency>
      <MissingDependency>
        <Required key="30" type="61" schemaName="msdyn_/ActivityFeeds.Form.js" displayName="msdyn_/ActivityFeeds.Form.js" solution="ActivityFeedsCore (6.0.1.61)" />
        <Dependent key="28" type="60" parentDisplayName="User" id="{c0d7d7dd-afd0-4675-85fe-1cc5a48be6df}" />
      </MissingDependency>
      <MissingDependency>
        <Required key="30" type="61" schemaName="msdyn_/ActivityFeeds.Form.js" displayName="msdyn_/ActivityFeeds.Form.js" solution="ActivityFeedsCore (6.0.1.61)" />
        <Dependent key="17" type="60" parentDisplayName="Contact" id="{894cc46a-b0cb-4ab0-8bf6-200544e46a2d}" />
      </MissingDependency>
    </MissingDependencies>
  </SolutionManifest>
</ImportExportXml>